{
 "bins": {
  "8035": {
   "Q1": {
    "res_home": {
     "mean": 0.0113828328867309,
     "se": 0.011697622686104098,
     "n": 1557
    },
    "res_draw": {
     "mean": -0.021367332790233493,
     "se": 0.01017292841608396,
     "n": 1557
    },
    "res_fav": {
     "mean": 0.01441590684307719,
     "se": 0.012130151993559813,
     "n": 1557
    },
    "res_total": {
     "mean": 0.1530001200008836,
     "se": 0.0362526168884378,
     "n": 1557
    }
   },
   "Q2": {
    "res_home": {
     "mean": 0.005593229504256025,
     "se": 0.012090202267295383,
     "n": 1450
    },
    "res_draw": {
     "mean": -0.009382997728468847,
     "se": 0.010724062683244105,
     "n": 1450
    },
    "res_fav": {
     "mean": 0.009123518070963526,
     "se": 0.012527859037858479,
     "n": 1450
    },
    "res_total": {
     "mean": 0.1588095071078949,
     "se": 0.03837823141040635,
     "n": 1450
    }
   },
   "Q3": {
    "res_home": {
     "mean": 0.029830475452601344,
     "se": 0.011360510257815157,
     "n": 1657
    },
    "res_draw": {
     "mean": -0.021905005190546206,
     "se": 0.009839455978035783,
     "n": 1657
    },
    "res_fav": {
     "mean": 0.01731546478214086,
     "se": 0.011760188405450378,
     "n": 1657
    },
    "res_total": {
     "mean": 0.18638360009341945,
     "se": 0.034483752335499177,
     "n": 1657
    }
   },
   "Q4": {
    "res_home": {
     "mean": 0.01941002304493291,
     "se": 0.011875931727138364,
     "n": 1524
    },
    "res_draw": {
     "mean": -0.03173919272093737,
     "se": 0.01008798540014115,
     "n": 1524
    },
    "res_fav": {
     "mean": 0.014191798545783863,
     "se": 0.012254184112195156,
     "n": 1524
    },
    "res_total": {
     "mean": 0.13854684435146736,
     "se": 0.035868628936446365,
     "n": 1524
    }
   },
   "Q5": {
    "res_home": {
     "mean": 0.0022746246974522364,
     "se": 0.013313293865295703,
     "n": 1215
    },
    "res_draw": {
     "mean": 0.004336066731187935,
     "se": 0.011977987231004496,
     "n": 1215
    },
    "res_fav": {
     "mean": -0.003831183617684319,
     "se": 0.013822083902676448,
     "n": 1215
    },
    "res_total": {
     "mean": 0.17806783345201907,
     "se": 0.041377238694677604,
     "n": 1215
    }
   }
  },
  "pooled-newchamps": {
   "Q1": {
    "res_home": {
     "mean": 0.007522051083099221,
     "se": 0.012145874282111915,
     "n": 1420
    },
    "res_draw": {
     "mean": -0.004808717530286429,
     "se": 0.011427141499392841,
     "n": 1420
    },
    "res_fav": {
     "mean": 0.013621200993393767,
     "se": 0.012681615228889458,
     "n": 1420
    },
    "res_total": {
     "mean": 0.21444673969124592,
     "se": 0.03752117855906289,
     "n": 1420
    }
   },
   "Q2": {
    "res_home": {
     "mean": -0.002182993772886869,
     "se": 0.01298743178309578,
     "n": 1214
    },
    "res_draw": {
     "mean": 0.010415875206219574,
     "se": 0.012523857555436644,
     "n": 1214
    },
    "res_fav": {
     "mean": 0.0131866560337083,
     "se": 0.01371566862292856,
     "n": 1214
    },
    "res_total": {
     "mean": 0.20901075897845145,
     "se": 0.040200432947723096,
     "n": 1214
    }
   },
   "Q3": {
    "res_home": {
     "mean": 0.0063939174225203016,
     "se": 0.013154524266665057,
     "n": 1243
    },
    "res_draw": {
     "mean": -0.006674354207129764,
     "se": 0.012196169182527212,
     "n": 1243
    },
    "res_fav": {
     "mean": -6.416187421455326e-05,
     "se": 0.01363771873732472,
     "n": 1243
    },
    "res_total": {
     "mean": 0.27788815864598565,
     "se": 0.03947129890627786,
     "n": 1243
    }
   },
   "Q4": {
    "res_home": {
     "mean": -0.0055961425535199835,
     "se": 0.012526648766751792,
     "n": 1409
    },
    "res_draw": {
     "mean": 0.01939958413998675,
     "se": 0.011841593131969622,
     "n": 1409
    },
    "res_fav": {
     "mean": -0.01859281572138543,
     "se": 0.01283805084885922,
     "n": 1409
    },
    "res_total": {
     "mean": 0.09342395477505135,
     "se": 0.03860120342670586,
     "n": 1409
    }
   },
   "Q5": {
    "res_home": {
     "mean": -0.02067644019189206,
     "se": 0.016932017841934193,
     "n": 785
    },
    "res_draw": {
     "mean": 0.026757028908392443,
     "se": 0.01594503697437115,
     "n": 785
    },
    "res_fav": {
     "mean": -0.04709386101353246,
     "se": 0.017248171755407552,
     "n": 785
    },
    "res_total": {
     "mean": 0.1262853372669751,
     "se": 0.05104809344370044,
     "n": 785
    }
   }
  },
  "pooled-6champs": {
   "Q1": {
    "res_home": {
     "mean": 0.009541277575626774,
     "se": 0.008424440567596015,
     "n": 2977
    },
    "res_draw": {
     "mean": -0.013469034614511344,
     "se": 0.007617147753828782,
     "n": 2977
    },
    "res_fav": {
     "mean": 0.014036839894286302,
     "se": 0.0087643276377935,
     "n": 2977
    },
    "res_total": {
     "mean": 0.18230955902013604,
     "se": 0.02607487086748678,
     "n": 2977
    }
   },
   "Q2": {
    "res_home": {
     "mean": 0.002049560188020486,
     "se": 0.008849236419982363,
     "n": 2664
    },
    "res_draw": {
     "mean": -0.0003605383655890639,
     "se": 0.00816421176792915,
     "n": 2664
    },
    "res_fav": {
     "mean": 0.010975113223655773,
     "se": 0.009248370772413396,
     "n": 2664
    },
    "res_total": {
     "mean": 0.18168650401887673,
     "se": 0.027783197315936214,
     "n": 2664
    }
   },
   "Q3": {
    "res_home": {
     "mean": 0.019785081786604538,
     "se": 0.008599214304320164,
     "n": 2900
    },
    "res_draw": {
     "mean": -0.015376833062137019,
     "se": 0.007676815935686645,
     "n": 2900
    },
    "res_fav": {
     "mean": 0.009866197218744387,
     "se": 0.008906120477571427,
     "n": 2900
    },
    "res_total": {
     "mean": 0.22560434708681246,
     "se": 0.025979249845607098,
     "n": 2900
    }
   },
   "Q4": {
    "res_home": {
     "mean": 0.0073971736319700275,
     "se": 0.008620890424533057,
     "n": 2933
    },
    "res_draw": {
     "mean": -0.0071723544675987815,
     "se": 0.007748472932679726,
     "n": 2933
    },
    "res_fav": {
     "mean": -0.0015577826006333004,
     "se": 0.00886812700877073,
     "n": 2933
    },
    "res_total": {
     "mean": 0.11687001127503703,
     "se": 0.026290065880828346,
     "n": 2933
    }
   },
   "Q5": {
    "res_home": {
     "mean": -0.006733668271615401,
     "se": 0.010468395579536145,
     "n": 2000
    },
    "res_draw": {
     "mean": 0.013136294385740703,
     "se": 0.009598423581609566,
     "n": 2000
    },
    "res_fav": {
     "mean": -0.02081178449555472,
     "se": 0.01079374002152234,
     "n": 2000
    },
    "res_total": {
     "mean": 0.15774320369938932,
     "se": 0.03214208275884095,
     "n": 2000
    }
   }
  }
 },
 "tests": [
  {
   "name": "early_J1-5_vs_late_last5",
   "scope": "8035",
   "metric": "res_home",
   "nA": 1010,
   "nB": 606,
   "meanA": 0.03445923766593028,
   "meanB": 0.001900774032248298,
   "t": 1.3675840062209317,
   "p": 0.17168756457934348
  },
  {
   "name": "early_J1-5_vs_late_last5",
   "scope": "8035",
   "metric": "res_draw",
   "nA": 1010,
   "nB": 606,
   "meanA": -0.04246484495444493,
   "meanB": 0.01100843115763187,
   "t": -2.542174097857835,
   "p": 0.011143657191328848
  },
  {
   "name": "early_J1-5_vs_late_last5",
   "scope": "8035",
   "metric": "res_fav",
   "nA": 1010,
   "nB": 606,
   "meanA": 0.04081147384039316,
   "meanB": -0.02302739342049899,
   "t": 2.5931555156102135,
   "p": 0.009621163937427709
  },
  {
   "name": "early_J1-5_vs_late_last5",
   "scope": "8035",
   "metric": "res_total",