{
 "N": 7,
 "correction": [
  [
   0.9150094277216646,
   0.7807726600806066,
   1.0862495305642754,
   1.2159112567466814,
   1.2235716810228223,
   1.2848272982942504,
   0.7279606081668927
  ],
  [
   0.7561802405563406,
   1.0483420790854392,
   0.9936813158092636,
   1.2975485243971139,
   1.2463035547971282,
   0.8967036230656663,
   0.4
  ],
  [
   1.090232754020693,
   0.9970823658513777,
   0.9690238931942708,
   1.140182417424765,
   0.8330681249339092,
   0.4,
   0.4
  ],
  [
   1.156579435713296,
   1.2463690503920533,
   1.22517068273235,
   1.2510201739875457,
   0.4,
   0.4,
   0.4
  ],
  [
   1.1434756714008862,
   1.35296566843198,
   0.8169663710989301,
   0.4,
   0.4,
   0.4,
   0.4
  ],
  [
   1.2354002271020073,
   1.008286422246871,
   0.4,
   0.4,
   0.4,
   0.4,
   0.4
  ],
  [
   1.0913775454397525,
   0.4,
   0.4,
   0.4,
   0.4,
   0.4,
   0.4
  ]
 ],
 "reference_league": "InstantLeague-8035",
 "per_league": {
  "InstantLeague-8035": [
   [
    0.9150094277216646,
    0.7807726600806066,
    1.0862495305642754,
    1.2159112567466814,
    1.2235716810228223,
    1.2848272982942504,
    0.7279606081668927
   ],
   [
    0.7561802405563406,
    1.0483420790854392,
    0.9936813158092636,
    1.2975485243971139,
    1.2463035547971282,
    0.8967036230656663,
    0.4
   ],
   [
    1.090232754020693,
    0.9970823658513777,
    0.9690238931942708,
    1.140182417424765,
    0.8330681249339092,
    0.4,
    0.4
   ],
   [
    1.156579435713296,
    1.2463690503920533,
    1.22517068273235,
    1.2510201739875457,
    0.4,
    0.4,
    0.4
   ],
   [
    1.1434756714008862,
    1.35296566843198,
    0.8169663710989301,
    0.4,
    0.4,
    0.4,
    0.4
   ],
   [
    1.2354002271020073,
    1.008286422246871,
    0.4,
    0.4,
    0.4,
    0.4,
    0.4
   ],
   [
    1.0913775454397525,
    0.4,
    0.4,
    0.4,
    0.4,
    0.4,
    0.4
   ]
  ],
  "InstantLeague-8043": [
   [
    0.9370526127370096,
    0.7727392810954662,
    1.1425755571266496,
    1.213279324329906,
    1.1990129907795375,
    1.4716228053361733,
    0.9976551260269886
   ],
   [
    0.7309245802176426,
    1.0636562240391947,
    0.9827528563977953,
    1.2113972863368216,
    1.4009848414387536,
    0.9242984859684611,
    0.4
   ],
   [
    1.1201560785147024,
    1.0255085443170313,
    0.9488959574912498,
    1.264914381920024,
    0.8115815860595873,
    0.4,
    0.4
   ],
   [
    1.1510625740432259,
    1.20577772412094,
    1.2087695310863982,
    1.239813103618947,
    0.4,
    0.4,
    0.4
   ],
   [
    1.2231776217969563,
    1.3397155890085681,
    0.7954414885001349,
    0.4,
    0.4,
    0.4,
    0.4
   ],
   [
    1.4839970959932103,
    1.082006549651328,
    0.4,
    0.4,
    0.4,
    0.4,
    0.4
   ],
   [
    1.0120778515719975,
    0.4,
    0.4,
    0.4,
    0.4,
    0.4,
    0.4
   ]
  ],
  "InstantLeague-8042": [
   [
    0.881879331774742,
    0.7568751515613201,
    1.1704361028606212,
    1.120907294938193,
    1.160695285064002,
    1.56294295803457,
    0.8643796010408838
   ],
   [
    0.7729082113534105,
    1.0674465610138408,
    1.0140369299577787,
    1.2554512959863398,
    1.312431192285468,
    0.7694614893460332,
    0.4
   ],
   [
    1.0311994535461686,
    1.0233349986368236,
    0.9861942715232478,
    1.3059873286703414,
    0.7925623464629309,
    0.4,
    0.4
   ],
   [
    1.0863299993162907,
    1.2680466971511892,
    1.3148969087957005,
    1.4415362479701779,
    0.4,
    0.4,
    0.4
   ],
   [
    1.2157396149010418,
    1.2719284105024686,
    0.7997870076523845,
    0.4,
    0.4,
    0.4,
    0.4
   ],
   [
    1.2498995515339657,
    1.054988939462568,
    0.4,
    0.4,
    0.4,
    0.4,
    0.4
   ],
   [
    0.9767876488933399,
    0.4,
    0.4,
    0.4,
    0.4,
    0.4,
    0.4
   ]
  ],
  "InstantLeague-8044": [
   [
    0.9095430522194541,
    0.7591209832490408,
    1.0869057954584227,
    1.1357922567399756,
    1.0963810660376758,
    1.0826625961055911,
    0.5120622922095356
   ],
   [
    0.7925781608843425,
    1.0404861080326793,
    1.047329623643996,
    1.282219453217592,
    1.3886360884783207,
    0.6960640196972009,
    0.4
   ],
   [
    1.1294235820991383,
    1.0537273090952715,
    1.0453471417511775,
    1.2251538683601695,
    0.6947472089974981,
    0.4,
    0.4
   ],
   [
    1.1351920462910725,
    1.1857506729428182,
    1.3050880504747604,
    1.311522801978252,
    0.4,
    0.4,
    0.4
   ],
   [
    1.202219877531663,
    1.3728573751661446,
    0.9988047421267664,
    0.4,
    0.4,
    0.4,
    0.4
   ],
   [
    1.4244229460038829,
    0.9631727469660265,
    0.4,
    0.4,
    0.4,
    0.4,
    0.4
   ],
   [
    1.2761984987356798,
    0.4,
    0.4,
    0.4,
    0.4,
    0.4,
    0.4
   ]
  ],
  "InstantLeague-8056": [
   [
    1.0178207508755945,
    0.8664330525014775,
    1.18720337415081,
    1.1426478247885403,
    1.1742409238143965,
    1.2135624425568852,
    1.2381829528353765
   ],
   [
    0.7838659561250177,
    1.0734316368396817,
    0.9900381420374497,
    1.2902485567641788,
    1.354744527462862,
    0.7784798932468643,
    0.4
   ],
   [
    1.1349518636414766,
    1.0237821989122713,
    0.9329338836396721,
    1.188272198275934,
    0.9456877750631848,
    0.4,
    0.4
   ],
   [
    1.213795650762799,
    1.2267652088617846,
    1.205836795350681,
    1.0936338380224018,
    0.4,
    0.4,
    0.4
   ],
   [
    1.1725243536038426,
    1.2102889259303862,
    0.8225755891565153,
    0.4,
    0.4,
    0.4,
    0.4
   ],
   [
    1.4455799916972574,
    1.07933863439838,
    0.4,
    0.4,
    0.4,
    0.4,
    0.4
   ],
   [
    1.3320350990150256,
    0.4,
    0.4,
    0.4,
    0.4,
    0.4,
    0.4
   ]
  ],
  "InstantLeague-8065": [
   [
    0.9351377289310939,
    0.7834874435194925,
    1.1016372502362646,
    1.1847468136973631,
    1.1685742615524337,
    1.2929092358973557,
    1.3574889080307402
   ],
   [
    0.745077455471695,
    1.0207228239328285,
    0.9796376333645861,
    1.260361362786445,
    1.283253246113297,
    0.8236180822822609,
    0.4
   ],
   [
    1.1087193656624288,
    1.0061247315752404,
    0.9713707175543473,
    1.1995986237522407,
    0.9587496930467292,
    0.4,
    0.4
   ],
   [
    1.1330907353455388,
    1.2372790417125554,
    1.2723280272541322,
    1.248864509093717,
    0.4,
    0.4,
    0.4
   ],
   [
    1.2234835324172733,
    1.297465577001529,
    0.8260428875059928,
    0.4,
    0.4,
    0.4,
    0.4
   ],
   [
    1.346880462068327,
    0.9733396487306675,
    0.4,
    0.4,
    0.4,
    0.4,
    0.4
   ],
   [
    0.9487407368195834,
    0.4,
    0.4,
    0.4,
    0.4,
    0.4,
    0.4
   ]
  ],