{
 "N": 7,
 "correction": [
  [
   0.9494473770816172,
   0.750388311426785,
   1.089418559024829,
   1.0527194666540374,
   1.2432564139479878,
   1.3149107012802013,
   0.9843433912751014
  ],
  [
   0.756813565911766,
   1.0338281711351784,
   1.0172464435198587,
   1.2461011461259375,
   1.2291302899873433,
   0.781581447929052,
   0.4
  ],
  [
   1.0986414768771169,
   1.02357496471214,
   0.977328406562532,
   1.2200801604182547,
   0.8774051730615589,
   0.4,
   0.4
  ],
  [
   1.123077355008174,
   1.239012342496994,
   1.1517154126726823,
   1.2430345284710205,
   0.4,
   0.4,
   0.4
  ],
  [
   1.285050704286573,
   1.2522643219592031,
   0.902657493750196,
   0.4,
   0.4,
   0.4,
   0.4
  ],
  [
   1.3471129615870108,
   1.048908250405522,
   0.4,
   0.4,
   0.4,
   0.4,
   0.4
  ],
  [
   1.0524872675869525,
   0.4,
   0.4,
   0.4,
   0.4,
   0.4,
   0.4
  ]
 ],
 "updated_utc": "2026-07-02T08:28:57.772905+00:00",
 "n_matches": 25000
}