{
 "1-2": {
  "0-0": 1.0474790390482804,
  "0-1": 0.9003723222121746,
  "0-2": 1.130811585412433,
  "1-0": 0.6633676341037267,
  "1-1": 0.9223781596366538,
  "1-2": 1.2952056543458497,
  "1-3": 1.0277316191495542,
  "2-0": 0.9478012742830507,
  "2-1": 1.0894973483772539,
  "2-2": 0.9380027972636743,
  "2-3": 1.1335202151325214,
  "3-0": 1.1421019092605251,
  "3-1": 1.1933552571373685,
  "3-2": 0.9958603963402819,
  "4-0": 1.2219733790073815,
  "4-1": 1.1635482241935748,
  "4-2": 0.7801435869618308,
  "5-0": 1.1202419107830115,
  "5-1": 1.3092211430738259,
  "5-2": 0.6480863789699389,
  "6-0": 1.1728076642061713
 },
 "3-2": {
  "0-0": 0.8841256928449621,
  "0-1": 0.7967028109977332,
  "0-2": 1.0596722428213634,
  "0-3": 1.5559203924179779,
  "1-0": 0.7601492265566041,
  "1-1": 1.008529499626232,
  "1-2": 0.9804835271148378,
  "1-3": 1.3667075396763204,
  "1-4": 1.251216334557318,
  "2-0": 1.0423462550237164,
  "2-1": 0.9385592316879611,
  "2-2": 0.824583303916763,
  "2-3": 1.1034110657646963,
  "2-4": 1.1455461722235099,
  "3-0": 1.2618883929077636,
  "3-1": 1.4088600203671076,
  "3-2": 1.3014207042313615,
  "3-3": 1.0360076009147248,
  "4-0": 1.134622734916156,
  "4-1": 1.1065199006948505,
  "4-2": 0.8858482730031866,
  "5-0": 0.8720566693420231,
  "5-1": 1.0906817868243146
 },
 "0-3": {
  "0-0": 0.8574120350871525,
  "0-1": 0.9482007381361403,
  "0-2": 1.379631832380177,
  "1-0": 0.8303725177432467,
  "1-1": 0.983926151690879,
  "1-2": 1.0482746177236166,
  "1-3": 1.2462732434056982,
  "2-0": 1.0824283412738378,
  "2-1": 0.895870127271114,
  "2-2": 0.9264398917130168,
  "2-3": 1.136324253091154,
  "3-0": 1.0890543701792748,
  "3-1": 1.2642406010709828,
  "3-2": 0.925641135864999,
  "4-0": 1.2388427125177006,
  "4-1": 0.9706199519818683,
  "4-2": 1.0821868577932428,
  "5-0": 1.3514842945265,
  "5-1": 0.902583984553834,
  "5-2": 0.55,
  "6-0": 0.8831498804730639,
  "6-1": 0.55,
  "7-0": 0.5986836225446223
 },
 "1-4": {
  "0-0": 0.7148387572852053,
  "0-1": 0.9911364631134211,
  "0-2": 1.053411433587248,
  "0-3": 1.2569750990513953,
  "1-0": 0.8511168308117852,
  "1-1": 1.1904132713562923,
  "1-2": 1.1005133069735669,
  "1-3": 1.0435831080377524,
  "2-0": 1.0370133162802828,
  "2-1": 1.0457588614166438,
  "2-2": 0.9754285046576917,
  "2-3": 0.893041953791104,
  "3-0": 1.297465766492381,
  "3-1": 1.1466945718651986,
  "3-2": 0.8391517618308194,
  "3-3": 1.1540295789560508,
  "4-0": 1.2440137394363644,
  "4-1": 1.386184864104744,
  "4-2": 0.770476467194766,
  "4-3": 0.55,
  "5-0": 1.2591950880798881,
  "5-1": 1.0647667935151457,
  "5-2": 0.55,
  "5-3": 0.6416530024333229,
  "6-0": 0.8825226485127023,
  "6-1": 0.55,
  "6-2": 0.6124781265706046
 },
 "2-3": {
  "0-0": 1.0407745388057297,
  "0-1": 0.7562481306940727,
  "0-2": 1.0958989035541324,
  "0-3": 0.9899476045722395,
  "0-4": 1.2241398657761329,
  "1-0": 0.7753740457456036,
  "1-1": 0.9622205480741687,
  "1-2": 1.096748854441944,
  "1-3": 1.248337626973727,
  "1-4": 1.3032069409665745,
  "2-0": 0.9492221223202655,
  "2-1": 1.03499790779019,
  "2-2": 0.9660389176028221,
  "2-3": 1.2865179220635796,
  "3-0": 0.8912695426267339,
  "3-1": 1.3296310832099576,
  "3-2": 1.3021689124489217,
  "3-3": 0.8155047723214143,
  "4-0": 1.1227910296098242,
  "4-1": 1.190921430769827,
  "4-2": 1.2196294315550826,
  "4-3": 0.5720469001950976,
  "5-0": 1.172562363704172,
  "5-1": 1.0587503039607125,
  "5-2": 0.5559858842159113
 },
 "1-3": {
  "0-0": 1.0484261047401742,
  "0-1": 0.7741547367107867,
  "0-2": 1.0576900472425428,
  "0-3": 1.3076242167708139,
  "1-0": 0.7204130659218546,
  "1-1": 0.9882255559549004,
  "1-2": 1.0208071136862478,
  "1-3": 1.0214656815350864,
  "2-0": 1.1017225725864945,
  "2-1": 1.0740837317735412,
  "2-2": 0.8932161976236801,
  "2-3": 1.2133102986384516,
  "3-0": 1.1150945139986541,
  "3-1": 1.1024537965415546,
  "3-2": 1.3684470394036934,
  "3-3": 1.019608334668923,
  "4-0": 1.1641482494269166,
  "4-1": 1.210186422959053,
  "4-2": 1.0343441823351005,
  "4-3": 0.6242166598278442,
  "5-0": 1.1835787434666893,
  "5-1": 0.9275017630478881,
  "5-2": 0.55,
  "6-0": 0.8690080690789287,
  "6-1": 0.5572846232041025
 },
 "4-3": {
  "0-0": 0.6982194642324023,
  "0-1": 0.6675410747180525,
  "0-2": 1.268100528928529,
  "0-3": 0.8493118872894805,
  "0-4": 0.9573401564062366,
  "0-5": 1.2707745866383757,
  "1-0": 0.7020818448295134,
  "1-1": 1.0614793803643399,
  "1-2": 1.0176209504264542,
  "1-3": 0.9563785191707429,
  "1-4": 0.8080812005822451,
  "2-0": 0.7220420270687855,
  "2-1": 1.0379500163515034,
  "2-2": 1.16270178986536,
  "2-3": 1.5406728609737346,
  "2-4": 1.1164672965191578,
  "3-0": 1.3239531504426365,
  "3-1": 1.38651303260219,
  "3-2": 1.0352439286665862,
  "3-3": 1.0542735526651899,
  "3-4": 0.582622741595066,
  "4-0": 1.7255787284667239,
  "4-1": 1.3992608971502254,
  "4-2": 1.1193096698678635,
  "4-3": 0.5627116689740944,
  "5-1": 1.1584814400785912,
  "5-2": 0.663777217127398
 },
 "2-1": {
  "0-0": 0.834032479471495,
  "0-1": 0.9340883392066475,
  "0-2": 1.268751134426968,
  "0-3": 0.7522712560962382,
  "1-0": 0.7232125449029061,
  "1-1": 0.9782808120834642,
  "1-2": 1.1420870934886007,
  "1-3": 1.1576454665546934,
  "2-0": 0.9952313904345065,
  "2-1": 0.9711071639602081,
  "2-2": 1.062718416923391,
  "2-3": 0.9980330888244017,
  "3-0": 1.2426045308688178,
  "3-1": 1.4680073913318297,
  "3-2": 1.4493217691772358,
  "4-0": 1.0773130018913213,
  "4-1": 1.382335830353828,
  "4-2": 0.8420523684662573,
  "5-0": 0.7962809034596531,
  "5-1": 1.167190921478577
 },
 "0-4": {
  "0-0": 1.1328901289419082,
  "0-1": 1.062914409637182,
  "0-2": 1.1383825194968877,
  "1-0": 0.837036020222888,
  "1-1": 0.9312725980911056,
  "1-2": 0.9000290119919918,
  "1-3": 1.0724953104306525,
  "1-4": 1.3154626820622242,
  "2-0": 0.984285484626405,
  "2-1": 0.9998298027963283,
  "2-2": 0.7573436629736573,
  "2-3": 1.0615814733953846,
  "3-0": 1.0699972547566596,
  "3-1": 1.2166897925807936,
  "3-2": 1.0614996443157876,
  "4-0": 1.1784431255016161,
  "4-1": 1.3023773926753315,
  "4-2": 1.057312864953509,
  "4-3": 0.5877145544345567,
  "5-0": 1.4871002983000354,
  "5-1": 1.1349661802124544,
  "5-2": 0.55,
  "6-0": 1.0115020152329084,
  "6-1": 0.55,
  "6-2": 0.588014345197333,
  "7-0": 0.55,
  "7-1": 0.5894713031003972
 },
 "2-2": {
  "0-0": 0.79714949351259,
  "0-1": 0.8226892369411003,
  "0-2": 1.0856866213658218,
  "0-3": 0.9389791363326871,
  "1-0": 0.6615154180905591,
  "1-1": 0.9966087003055707,
  "1-2": 1.0797054340950756,
  "1-3": 1.1471041917215818,
  "1-4": 1.1977853349754375,
  "2-0": 0.9974134536451947,
  "2-1": 1.1891958084580876,
  "2-2": 1.0825536221027963,
  "2-3": 1.0425670642817941,
  "3-0": 1.106529001407253,
  "3-1": 1.237366801514114,
  "3-2": 1.0918694490481342,
  "3-3": 1.1394988597631577,
  "4-0": 1.2527874958261205,
  "4-1": 1.1491912688901278,
  "4-2": 0.9398774699319509,
  "5-0": 1.2058005905812756,
  "5-1": 1.0984416951569977
 },
 "4-1": {
  "0-0": 0.9308073106742437,
  "0-1": 0.7524926592629805,
  "0-2": 1.304515521771757,
  "0-3": 1.12615095293901,
  "0-4": 1.175967296883103,
  "1-0": 0.7225263409455287,
  "1-1": 0.9430750688379665,
  "1-2": 1.0468611731667081,
  "1-3": 1.3139570435460923,
  "1-4": 1.0127744101495075,
  "2-0": 1.1694634467427032,
  "2-1": 1.004944507045304,
  "2-2": 1.0693466507533367,
  "2-3": 1.098345890621123,
  "3-0": 1.424148093853835,
  "3-1": 1.1398859639483891,
  "3-2": 1.3219511218736815,
  "4-0": 1.0422593727399845,
  "4-1": 0.9342538184646372,
  "4-2": 0.9297740925497917
 },
 "2-4": {
  "0-0": 1.3692626348189627,
  "0-1": 0.7936666735439556,
  "0-2": 1.070718680196749,
  "0-3": 1.2403049128866657,
  "1-0": 0.8616814635708216,
  "1-1": 0.8918328790416977,