{
 "buckets": {
  "1-3": {
   "3-1": 0.07738748627881449,
   "4-0": 0.06421514818880351,
   "5-0": 0.029637760702524697,
   "2-0": 0.08946212952799122,
   "3-0": 0.0938529088913282,
   "1-2": 0.04445664105378705,
   "2-1": 0.11470911086717893,
   "0-0": 0.042810098792535674,
   "0-2": 0.014818880351262349,
   "1-1": 0.08726673984632272,
   "0-3": 0.008781558726673985,
   "4-2": 0.017014270032930844,
   "2-2": 0.05378704720087816,
   "5-1": 0.017014270032930844,
   "2-4": 0.0027442371020856204,
   "3-3": 0.005488474204171241,
   "4-1": 0.05653128430296377,
   "1-3": 0.015367727771679473,
   "1-0": 0.06805708013172337,
   "0-1": 0.02689352360043908,
   "2-3": 0.015367727771679473,
   "3-2": 0.0433589462129528,
   "6-0": 0.008781558726673985,
   "1-4": 0.0010976948408342481,
   "1-5": 0.0005488474204171241,
   "0-5": 0.0005488474204171241
  },
  "3-1": {
   "1-1": 0.13367088607594937,
   "2-0": 0.06936708860759494,
   "2-1": 0.11341772151898734,
   "0-2": 0.04,
   "1-0": 0.08860759493670886,
   "3-0": 0.04962025316455696,
   "1-2": 0.07088607594936709,
   "0-0": 0.07949367088607595,
   "2-3": 0.020253164556962026,
   "5-0": 0.004050632911392405,
   "3-1": 0.06734177215189874,
   "0-3": 0.022278481012658228,
   "3-2": 0.030886075949367087,
   "0-1": 0.05924050632911392,
   "3-3": 0.006582278481012658,
   "4-1": 0.017215189873417722,
   "2-2": 0.054177215189873416,
   "1-3": 0.02531645569620253,
   "4-0": 0.021772151898734177,
   "4-2": 0.005569620253164557,
   "0-4": 0.0060759493670886075,
   "1-4": 0.0035443037974683543,
   "5-1": 0.005063291139240506,
   "2-4": 0.004556962025316456,
   "1-5": 0.0005063291139240507,
   "0-5": 0.0005063291139240507
  },
  "4-0": {
   "1-2": 0.0970873786407767,
   "0-0": 0.1407766990291262,
   "1-1": 0.13106796116504854,
   "2-2": 0.04611650485436893,
   "2-0": 0.06553398058252427,
   "4-1": 0.014563106796116505,
   "3-1": 0.03155339805825243,
   "0-1": 0.08495145631067962,
   "1-0": 0.10436893203883495,
   "4-0": 0.021844660194174758,
   "2-4": 0.0024271844660194173,
   "0-2": 0.02912621359223301,
   "3-0": 0.024271844660194174,
   "4-2": 0.0048543689320388345,
   "1-3": 0.01699029126213592,
   "2-1": 0.10679611650485436,
   "0-4": 0.007281553398058253,
   "2-3": 0.009708737864077669,
   "0-3": 0.02669902912621359,
   "3-2": 0.014563106796116505,
   "1-4": 0.012135922330097087,
   "3-3": 0.0048543689320388345,
   "5-0": 0.0024271844660194173
  },
  "3-0": {
   "3-1": 0.054838709677419356,
   "0-0": 0.07741935483870968,
   "4-0": 0.035483870967741936,
   "1-0": 0.12903225806451613,
   "1-2": 0.04516129032258064,
   "1-1": 0.17419354838709677,
   "0-1": 0.06129032258064516,
   "2-0": 0.0967741935483871,
   "0-2": 0.02903225806451613,
   "2-1": 0.08387096774193549,
   "3-0": 0.041935483870967745,
   "4-1": 0.02258064516129032,
   "2-3": 0.012903225806451613,
   "1-3": 0.025806451612903226,
   "0-3": 0.016129032258064516,
   "3-2": 0.016129032258064516,
   "2-4": 0.0032258064516129032,
   "2-2": 0.04838709677419355,
   "3-3": 0.016129032258064516,
   "5-0": 0.0032258064516129032,
   "5-1": 0.0032258064516129032,
   "1-4": 0.0032258064516129032
  },
  "1-1": {
   "1-1": 0.15204678362573099,
   "3-0": 0.09941520467836257,
   "2-1": 0.13450292397660818,
   "4-0": 0.07017543859649122,
   "4-1": 0.029239766081871343,
   "3-1": 0.03508771929824561,
   "1-2": 0.04093567251461988,
   "0-2": 0.023391812865497075,
   "2-2": 0.029239766081871343,
   "2-0": 0.10526315789473684,
   "3-2": 0.011695906432748537,
   "5-1": 0.023391812865497075,
   "1-0": 0.1286549707602339,
   "2-3": 0.005847953216374269,
   "0-0": 0.04678362573099415,
   "0-1": 0.023391812865497075,
   "3-3": 0.017543859649122806,
   "6-0": 0.011695906432748537,
   "5-0": 0.011695906432748537
  },
  "3-2": {
   "3-2": 0.04059040590405904,
   "2-1": 0.10619106191061911,
   "0-2": 0.034850348503485035,
   "3-0": 0.055350553505535055,
   "0-1": 0.05330053300533005,
   "1-1": 0.11562115621156212,
   "1-0": 0.07093070930709307,
   "2-0": 0.07380073800738007,
   "1-2": 0.07913079130791308,
   "0-3": 0.025010250102501026,
   "0-0": 0.05453054530545305,
   "4-0": 0.02214022140221402,
   "3-1": 0.06847068470684707,
   "2-2": 0.06068060680606806,
   "1-3": 0.036490364903649035,
   "3-3": 0.006150061500615006,
   "2-3": 0.024190241902419023,
   "5-1": 0.006970069700697007,
   "4-1": 0.025420254202542025,
   "1-5": 0.0012300123001230013,
   "1-4": 0.01107011070110701,
   "0-4": 0.0036900369003690036,
   "4-2": 0.009020090200902008,
   "2-4": 0.007380073800738007,
   "5-0": 0.005330053300533005,
   "6-0": 0.0016400164001640015,
   "0-5": 0.0008200082000820008
  },
  "2-2": {
   "1-1": 0.1037329504666188,
   "2-1": 0.1342426417803302,
   "2-0": 0.08506819813352477,
   "3-3": 0.005384063173007897,
   "1-4": 0.006101938262742283,
   "4-0": 0.034816941852117735,
   "1-0": 0.07214644651830582,
   "3-1": 0.07465900933237617,
   "4-1": 0.035175879396984924,
   "3-0": 0.07178750897343862,
   "0-0": 0.04845656855707107,
   "0-1": 0.04773869346733668,
   "3-2": 0.0366116295764537,
   "0-2": 0.02189519023689878,
   "2-2": 0.06891600861450108,
   "5-0": 0.01399856424982053,
   "1-2": 0.06317300789662599,
   "0-3": 0.008255563531945441,
   "2-3": 0.01830581478822685,
   "1-3": 0.01830581478822685,
   "4-2": 0.010768126346015794,
   "5-1": 0.009691313711414214,
   "0-4": 0.002512562814070352,
   "2-4": 0.002871500358937545,
   "0-5": 0.0010768126346015793,
   "6-0": 0.002871500358937545,
   "1-5": 0.0010768126346015793,
   "0-6": 0.0003589375448671931
  },
  "2-4": {
   "2-2": 0.06657789613848203,
   "2-1": 0.11584553928095873,
   "4-2": 0.02130492676431425,
   "1-1": 0.07456724367509987,
   "4-1": 0.045272969374167776,
   "0-2": 0.023968042609853527,
   "0-0": 0.03994673768308921,
   "3-1": 0.09187749667110519,
   "3-2": 0.06258322237017311,
   "1-0": 0.045272969374167776,
   "2-0": 0.05193075898801598,
   "4-0": 0.02796271637816245,
   "1-2": 0.0758988015978695,
   "3-0": 0.07456724367509987,
   "1-4": 0.010652463382157125,
   "0-3": 0.015978695073235686,
   "2-3": 0.03062583222370173,
   "0-5": 0.0013315579227696406,
   "0-1": 0.02796271637816245,
   "3-3": 0.013315579227696404,
   "5-0": 0.02529960053262317,
   "5-1": 0.017310252996005325,
   "1-3": 0.02663115845539281,
   "2-4": 0.005326231691078562,
   "0-6": 0.002663115845539281,
   "6-0": 0.0039946737683089215,
   "0-4": 0.0013315579227696406
  },
  "4-2": {
   "1-3": 0.05536799459824443,
   "3-3": 0.012153950033760972,
   "0-0": 0.06144496961512492,
   "1-2": 0.09588116137744768,
   "0-2": 0.039837947332883185,
   "2-2": 0.08102633355840648,
   "2-0": 0.06076975016880486,
   "0-1": 0.05671843349088454,
   "3-0": 0.035111411208642807,
   "3-1": 0.0587440918298447,
   "1-4": 0.01688048615800135,
   "1-0": 0.06684672518568535,
   "1-1": 0.11208642808912897,
   "2-1": 0.09115462525320729,
   "5-0": 0.00337609723160027,
   "3-2": 0.03038487508440243,
   "4-0": 0.015530047265361242,
   "2-3": 0.035111411208642807,
   "0-3": 0.024983119513842,
   "1-5": 0.002025658338960162,
   "0-4": 0.01350438892640108,
   "2-4": 0.004726536124240378,
   "4-1": 0.01823092505064146,
   "5-1": 0.00337609723160027,
   "4-2": 0.0027008777852802163,
   "0-5": 0.002025658338960162
  },
  "1-4": {
   "2-1": 0.11478260869565217,
   "1-1": 0.08,
   "1-2": 0.051304347826086956,
   "3-0": 0.08695652173913043,
   "4-1": 0.07739130434782608,
   "0-1": 0.02434782608695652,
   "2-2": 0.06086956521739131,
   "3-1": 0.09913043478260869,
   "2-3": 0.014782608695652174,
   "4-2": 0.01565217391304348,
   "2-0": 0.06347826086956522,
   "0-3": 0.010434782608695653,
   "2-4": 0.0034782608695652175,
   "4-0": 0.058260869565217394,
   "1-0": 0.06,
   "5-0": 0.02782608695652174,
   "0-2": 0.018260869565217393,