{
  "segments": {
    "DS": {
      "over_buckets": {
        "fav_extreme": {
          "n": 49,
          "over_15": 0.9387755102040817,
          "over_25": 0.6530612244897959,
          "over_35": 0.40816326530612246,
          "over_45": 0.14285714285714285,
          "btts": 0.40816326530612246,
          "avg_total": 3.163265306122449
        },
        "fav_solide": {
          "n": 119,
          "over_15": 0.8151260504201681,
          "over_25": 0.6554621848739496,
          "over_35": 0.3865546218487395,
          "over_45": 0.17647058823529413,
          "btts": 0.44537815126050423,
          "avg_total": 3.033613445378151
        },
        "fav_modere": {
          "n": 148,
          "over_15": 0.831081081081081,
          "over_25": 0.5675675675675675,
          "over_35": 0.32432432432432434,
          "over_45": 0.22297297297297297,
          "btts": 0.6216216216216216,
          "avg_total": 2.9527027027027026
        },
        "equilibre": {
          "n": 107,
          "over_15": 0.8504672897196262,
          "over_25": 0.5887850467289719,
          "over_35": 0.308411214953271,
          "over_45": 0.1308411214953271,
          "btts": 0.6261682242990654,
          "avg_total": 2.8878504672897196
        }
      },
      "btts_buckets": {},
      "top_scores": {
        "2-1": 0.10538116591928251,
        "1-1": 0.09417040358744394,
        "2-0": 0.08744394618834081,
        "1-2": 0.07847533632286996,
        "1-0": 0.06278026905829596,
        "0-2": 0.05605381165919283,
        "3-1": 0.0515695067264574,
        "2-2": 0.04932735426008968,
        "0-1": 0.04932735426008968,
        "0-0": 0.03811659192825112
      },
      "top_ht_scores": {
        "0-0": 0.28699551569506726,
        "1-0": 0.1726457399103139,
        "1-1": 0.12556053811659193,
        "2-0": 0.09641255605381166,
        "0-1": 0.09641255605381166
      },
      "score_profiles": {
        "home_crush": {
          "n": 41,
          "over_25": 0.6341463414634146,
          "btts": 0.43902439024390244,
          "avg_total": 3.1463414634146343,
          "top3_scores": {
            "2-0": 0.21951219512195122,
            "3-0": 0.14634146341463414,
            "3-1": 0.12195121951219512
          }
        },
        "home_strong": {
          "n": 133,
          "over_25": 0.6616541353383458,
          "btts": 0.46616541353383456,
          "avg_total": 3.1203007518796992,
          "top3_scores": {
            "2-0": 0.12781954887218044,
            "2-1": 0.12030075187969924,
            "3-0": 0.10526315789473684
          }
        },
        "home_slight": {
          "n": 143,
          "over_25": 0.5874125874125874,
          "btts": 0.6433566433566433,
          "avg_total": 3.006993006993007,
          "top3_scores": {
            "1-2": 0.1258741258741259,
            "1-1": 0.11888111888111888,
            "2-0": 0.09090909090909091
          }
        },
        "away_slight": {
          "n": 51,
          "over_25": 0.5098039215686274,
          "btts": 0.5882352941176471,
          "avg_total": 2.843137254901961,
          "top3_scores": {
            "1-1": 0.13725490196078433,
            "0-1": 0.13725490196078433,
            "0-2": 0.11764705882352941
          }
        },
        "away_strong": {
          "n": 35,
          "over_25": 0.6285714285714286,
          "btts": 0.3142857142857143,
          "avg_total": 2.8857142857142857,
          "top3_scores": {
            "0-3": 0.2,
            "0-2": 0.17142857142857143,
            "0-4": 0.11428571428571428
          }
        }
      }
    },
    "MS_early": {
      "over_buckets": {
        "fav_extreme": {
          "n": 123,
          "over_15": 0.9186991869918699,
          "over_25": 0.7967479674796748,
          "over_35": 0.4715447154471545,
          "over_45": 0.24390243902439024,
          "btts": 0.4878048780487805,
          "avg_total": 3.4390243902439024
        },
        "fav_solide": {
          "n": 282,
          "over_15": 0.8617021276595744,
          "over_25": 0.6843971631205674,
          "over_35": 0.4078014184397163,
          "over_45": 0.20212765957446807,
          "btts": 0.6347517730496454,
          "avg_total": 3.1702127659574466
        },
        "fav_modere": {
          "n": 380,
          "over_15": 0.7947368421052632,
          "over_25": 0.5868421052631579,
          "over_35": 0.33421052631578946,
          "over_45": 0.1368421052631579,
          "btts": 0.5763157894736842,
          "avg_total": 2.8421052631578947
        },
        "equilibre": {
          "n": 269,
          "over_15": 0.828996282527881,
          "over_25": 0.6133828996282528,
          "over_35": 0.34572490706319703,
          "over_45": 0.1449814126394052,
          "btts": 0.6394052044609665,
          "avg_total": 2.903345724907063
        }
      },
      "btts_buckets": {},
      "top_scores": {
        "2-1": 0.10209662716499544,
        "1-1": 0.09662716499544212,
        "1-2": 0.08568824065633546,
        "1-0": 0.07019143117593436,
        "2-2": 0.07019143117593436,
        "2-0": 0.059252506836827715,
        "3-1": 0.056517775752051046,
        "0-0": 0.05560619872379216,
        "3-0": 0.05195989061075661,
        "0-1": 0.04557885141294439
      },
      "top_ht_scores": {
        "0-0": 0.2634457611668186,
        "1-1": 0.15952597994530537,
        "1-0": 0.15587967183226983,
        "0-1": 0.11941659070191431,
        "2-0": 0.09298085688240657
      },
      "score_profiles": {
        "home_crush": {
          "n": 102,
          "over_25": 0.7647058823529411,
          "btts": 0.46078431372549017,
          "avg_total": 3.372549019607843,
          "top3_scores": {
            "3-0": 0.14705882352941177,
            "2-1": 0.11764705882352941,
            "4-0": 0.11764705882352941
          }
        },
        "home_strong": {
          "n": 317,
          "over_25": 0.7255520504731862,
          "btts": 0.580441640378549,
          "avg_total": 3.274447949526814,
          "top3_scores": {
            "2-1": 0.12618296529968454,
            "3-0": 0.10410094637223975,
            "3-1": 0.08201892744479496
          }
        },
        "home_slight": {
          "n": 352,
          "over_25": 0.5511363636363636,
          "btts": 0.5681818181818182,
          "avg_total": 2.75,
          "top3_scores": {
            "1-1": 0.1278409090909091,
            "2-1": 0.11079545454545454,
            "1-0": 0.10795454545454546
          }
        },
        "away_slight": {
          "n": 146,
          "over_25": 0.6438356164383562,
          "btts": 0.6232876712328768,
          "avg_total": 2.9315068493150687,
          "top3_scores": {
            "2-2": 0.1095890410958904,
            "1-1": 0.10273972602739725,
            "1-2": 0.0958904109589041
          }
        },
        "away_strong": {
          "n": 88,
          "over_25": 0.6931818181818182,
          "btts": 0.625,
          "avg_total": 3.1704545454545454,
          "top3_scores": {
            "1-2": 0.1590909090909091,
            "2-3": 0.11363636363636363,
            "0-3": 0.10227272727272728
          }
        },
        "away_crush": {
          "n": 21,
          "over_25": 0.9523809523809523,
          "btts": 0.6190476190476191,
          "avg_total": 3.761904761904762,
          "top3_scores": {
            "0-3": 0.2857142857142857,
            "2-1": 0.14285714285714285,
            "1-3": 0.09523809523809523
          }
        }
      }
    },
    "MS_mid": {
      "over_buckets": {
        "fav_extreme": {
          "n": 169,
          "over_15": 0.8224852071005917,
          "over_25": 0.6390532544378699,
          "over_35": 0.3905325443786982,
          "over_45": 0.1893491124260355,