{
  "segments": {
    "DS": {
      "n": 446,
      "rate_1": 0.4798206278026906,
      "rate_X": 0.19730941704035873,
      "rate_2": 0.32286995515695066,
      "avg_total": 2.995515695067265,
      "avg_ht_total": 1.3094170403587444,
      "over_15": 0.8497757847533632,
      "over_25": 0.6121076233183856,
      "over_35": 0.35201793721973096,
      "btts": 0.5582959641255605,
      "ht_btts": 0.21973094170403587,
      "top_scores": {
        "2-1": 0.10538116591928251,
        "1-1": 0.09417040358744394,
        "2-0": 0.08744394618834081,
        "1-2": 0.07847533632286996,
        "1-0": 0.06278026905829596,
        "0-2": 0.05605381165919283,
        "3-1": 0.0515695067264574,
        "2-2": 0.04932735426008968,
        "0-1": 0.04932735426008968,
        "0-0": 0.03811659192825112
      },
      "top_ht_scores": {
        "0-0": 0.28699551569506726,
        "1-0": 0.1726457399103139,
        "1-1": 0.12556053811659193,
        "2-0": 0.09641255605381166,
        "0-1": 0.09641255605381166
      },
      "ht_rate_1": 0.35201793721973096,
      "ht_rate_X": 0.4125560538116592,
      "ht_rate_2": 0.23542600896860988,
      "ht_ft_transitions": {
        "1": {
          "1": 0.8598726114649682,
          "X": 0.11464968152866242,
          "2": 0.025477707006369428,
          "n": 157
        },
        "X": {
          "1": 0.3804347826086957,
          "X": 0.30434782608695654,
          "2": 0.31521739130434784,
          "n": 184
        },
        "2": {
          "1": 0.08571428571428572,
          "X": 0.13333333333333333,
          "2": 0.780952380952381,
          "n": 105
        }
      },
      "avg_sh_total": 1.6860986547085202
    },
    "MS_early": {
      "n": 1097,
      "rate_1": 0.4813126709206928,
      "rate_X": 0.22698268003646307,
      "rate_2": 0.2917046490428441,
      "avg_total": 2.990884229717411,
      "avg_ht_total": 1.3646308113035552,
      "over_15": 0.8286235186873291,
      "over_25": 0.6371923427529627,
      "over_35": 0.3691886964448496,
      "btts": 0.5916134913400183,
      "ht_btts": 0.27438468550592526,
      "top_scores": {
        "2-1": 0.10209662716499544,
        "1-1": 0.09662716499544212,
        "1-2": 0.08568824065633546,
        "1-0": 0.07019143117593436,
        "2-2": 0.07019143117593436,
        "2-0": 0.059252506836827715,
        "3-1": 0.056517775752051046,
        "0-0": 0.05560619872379216,
        "3-0": 0.05195989061075661,
        "0-1": 0.04557885141294439
      },
      "top_ht_scores": {
        "0-0": 0.2634457611668186,
        "1-1": 0.15952597994530537,
        "1-0": 0.15587967183226983,
        "0-1": 0.11941659070191431,
        "2-0": 0.09298085688240657
      },
      "ht_rate_1": 0.35095715587967186,
      "ht_rate_X": 0.422971741112124,
      "ht_rate_2": 0.22607110300820418,
      "ht_ft_transitions": {
        "1": {
          "1": 0.8389610389610389,
          "X": 0.10649350649350649,
          "2": 0.05454545454545454,
          "n": 385
        },
        "X": {
          "1": 0.3728448275862069,
          "X": 0.35129310344827586,
          "2": 0.27586206896551724,
          "n": 464
        },
        "2": {
          "1": 0.12903225806451613,
          "X": 0.1814516129032258,
          "2": 0.6895161290322581,
          "n": 248
        }
      },
      "avg_sh_total": 1.626253418413856
    },
    "MS_mid": {
      "n": 1617,
      "rate_1": 0.4774273345701917,
      "rate_X": 0.21768707482993196,
      "rate_2": 0.3048855905998763,
      "avg_total": 2.9443413729128016,
      "avg_ht_total": 1.3234384662956091,
      "over_15": 0.8299319727891157,
      "over_25": 0.6289424860853432,
      "over_35": 0.3562152133580705,
      "btts": 0.5807050092764379,
      "ht_btts": 0.24799010513296227,
      "top_scores": {
        "2-1": 0.10204081632653061,
        "1-1": 0.09771181199752628,
        "1-2": 0.09090909090909091,
        "1-0": 0.06926406926406926,
        "2-0": 0.06493506493506493,
        "3-1": 0.06369820655534941,
        "2-2": 0.06307977736549165,
        "3-0": 0.05380333951762523,
        "0-1": 0.05071119356833643,
        "0-0": 0.05009276437847866
      },
      "top_ht_scores": {
        "0-0": 0.2696351267779839,
        "1-0": 0.16512059369202226,
        "1-1": 0.1533704390847248,
        "0-1": 0.11750154607297464,
        "2-0": 0.09523809523809523
      },
      "ht_rate_1": 0.3494124922696351,
      "ht_rate_X": 0.4230055658627087,
      "ht_rate_2": 0.22758194186765615,
      "ht_ft_transitions": {
        "1": {
          "1": 0.8141592920353983,
          "X": 0.11327433628318584,
          "2": 0.07256637168141593,
          "n": 565
        },
        "X": {
          "1": 0.3684210526315789,
          "X": 0.3304093567251462,
          "2": 0.30116959064327486,
          "n": 684
        },
        "2": {
          "1": 0.16304347826086957,
          "X": 0.16847826086956522,
          "2": 0.6684782608695652,
          "n": 368
        }
      },
      "avg_sh_total": 1.6209029066171923
    },
    "MS_late": {
      "n": 988,
      "rate_1": 0.4848178137651822,
      "rate_X": 0.22672064777327935,
      "rate_2": 0.28846153846153844,
      "avg_total": 2.9402834008097165,
      "avg_ht_total": 1.3006072874493928,
      "over_15": 0.8228744939271255,
      "over_25": 0.6244939271255061,
      "over_35": 0.3603238866396761,
      "btts": 0.5850202429149798,
      "ht_btts": 0.21558704453441296,
      "top_scores": {
        "2-1": 0.11336032388663968,
        "1-1": 0.09919028340080972,
        "3-1": 0.07388663967611336,
        "1-2": 0.0728744939271255,
        "2-2": 0.06680161943319839,
        "0-1": 0.06275303643724696,
        "2-0": 0.06174089068825911,
        "1-0": 0.06072874493927125,
        "0-0": 0.053643724696356275,
        "3-0": 0.04757085020242915
      },
      "top_ht_scores": {
        "0-0": 0.2823886639676113,
        "1-0": 0.16902834008097167,
        "1-1": 0.12651821862348178,
        "0-1": 0.11538461538461539,
        "2-0": 0.10425101214574899
      },
      "ht_rate_1": 0.36639676113360325,
      "ht_rate_X": 0.4089068825910931,
      "ht_rate_2": 0.22469635627530365,
      "ht_ft_transitions": {
        "1": {
          "1": 0.8453038674033149,
          "X": 0.1132596685082873,
          "2": 0.04143646408839779,
          "n": 362
        },
        "X": {
          "1": 0.35396039603960394,
          "X": 0.35148514851485146,
          "2": 0.29455445544554454,
          "n": 404
        },
        "2": {
          "1": 0.13513513513513514,
          "X": 0.18468468468468469,
          "2": 0.6801801801801802,
          "n": 222
        }
      },
      "avg_sh_total": 1.639676113360324
    },
    "FS": {
      "n": 395,
      "rate_1": 0.4911392405063291,
      "rate_X": 0.25063291139240507,
      "rate_2": 0.2582278481012658,
      "avg_total": 3.007594936708861,
      "avg_ht_total": 1.2911392405063291,
      "over_15": 0.8278481012658228,
      "over_25": 0.6303797468354431,
      "over_35": 0.3949367088607595,
      "btts": 0.5645569620253165,
      "ht_btts": 0.25316455696202533,
      "top_scores": {
        "1-1": 0.10632911392405063,
        "2-1": 0.09620253164556962,
        "1-0": 0.07341772151898734,
        "2-2": 0.07341772151898734,
        "3-0": 0.06329113924050633,
        "0-0": 0.05822784810126582,
        "2-0": 0.05822784810126582,
        "1-2": 0.053164556962025315,
        "3-1": 0.04810126582278481,
        "0-1": 0.04050632911392405
      },
      "top_ht_scores": {
        "0-0": 0.2936708860759494,
        "1-1": 0.16455696202531644,
        "1-0": 0.1468354430379747,
        "2-0": 0.11392405063291139,
        "0-1": 0.10126582278481013
      },
      "ht_rate_1": 0.3468354430379747,