{
 "per_season_signtest": {
  "n_seasons": 28,
  "n_positive": 16,
  "p_sign": 0.5715881884098053,
  "detail": [
   [
    "8035",
    1,
    0.134
   ],
   [
    "8035",
    7,
    0.084
   ],
   [
    "8035",
    8,
    0.256
   ],
   [
    "8035",
    9,
    0.095
   ],
   [
    "8035",
    25,
    -0.309
   ],
   [
    "8035",
    42,
    -0.044
   ],
   [
    "8035",
    43,
    -0.221
   ],
   [
    "8035",
    44,
    0.142
   ],
   [
    "8035",
    45,
    0.436
   ],
   [
    "8035",
    46,
    -0.181
   ],
   [
    "8035",
    47,
    -0.008
   ],
   [
    "8035",
    50,
    -0.133
   ],
   [
    "8035",
    51,
    -0.055
   ],
   [
    "8035",
    52,
    0.059
   ],
   [
    "8035",
    56,
    0.046
   ],
   [
    "8035",
    61,
    -0.006
   ],
   [
    "8035",
    62,
    0.071
   ],
   [
    "8035",
    63,
    0.081
   ],
   [
    "8035",
    65,
    -0.038
   ],
   [
    "8035",
    66,
    0.04
   ],
   [
    "8035",
    68,
    0.317
   ],
   [
    "8035",
    69,
    0.051
   ],
   [
    "8036",
    1,
    -0.064
   ],
   [
    "8036",
    3,
    0.07
   ],
   [
    "8036",
    9,
    -0.12
   ],
   [
    "8037",
    1,
    0.024
   ],
   [
    "8037",
    3,
    -0.032
   ],
   [
    "8042",
    10,
    0.101
   ]
  ]
 },
 "dc_coverage": {
  "n_champs": 13540,
  "n_with_dc": 13540
 },
 "dc_margin_est": 1.0799846339324608,
 "rules": {
  "pooled-6champs": {
   "dc_antifav_last5": {
    "n": 993,
    "roi_pct": -0.5609264853977838,
    "se_roi_pct": 3.564738327276462,
    "p_boot_le_0": 0.5705,
    "wr": 0.48338368580060426,
    "avg_odds": 2.2995770392749244
   },
   "dc_antifav_J1-5_control": {
    "n": 1972,
    "roi_pct": -16.11206896551724,
    "se_roi_pct": 2.3717572083411906,
    "p_boot_le_0": 1.0,
    "wr": 0.4259634888438134,
    "avg_odds": 2.2342596348884376
   },
   "dc_antifav_mid_control": {
    "n": 10575,
    "roi_pct": -8.541843971631206,
    "se_roi_pct": 1.0682496886918362,
    "p_boot_le_0": 1.0,
    "wr": 0.45276595744680853,
    "avg_odds": 2.2566581560283687
   },
   "dc_antifav_last5_pfav55-75": {
    "n": 378,
    "roi_pct": 6.362433862433861,
    "se_roi_pct": 6.677663106025073,
    "p_boot_le_0": 0.16975,
    "wr": 0.4126984126984127,
    "avg_odds": 2.62494708994709
   },
   "dog_last5_pfav55-75": {
    "n": 378,
    "roi_pct": 11.171957671957673,
    "se_roi_pct": 12.561738911652407,
    "p_boot_le_0": 0.19175,
    "wr": 0.18253968253968253,
    "avg_odds": 6.552380952380951
   },
   "draw_last5_pfav55-75": {
    "n": 378,
    "roi_pct": 5.947089947089947,
    "se_roi_pct": 10.121933876844063,
    "p_boot_le_0": 0.2855,
    "wr": 0.23015873015873015,
    "avg_odds": 4.616666666666666
   }
  },
  "8035": {
   "dc_antifav_last5": {
    "n": 606,
    "roi_pct": -2.442244224422441,
    "se_roi_pct": 4.64705634101589,
    "p_boot_le_0": 0.7,
    "wr": 0.46204620462046203,
    "avg_odds": 2.325049504950495
   },
   "dc_antifav_J1-5_control": {
    "n": 1010,
    "roi_pct": -17.345544554455444,
    "se_roi_pct": 3.454939731424196,
    "p_boot_le_0": 1.0,
    "wr": 0.402970297029703,
    "avg_odds": 2.3156435643564355
   },
   "dc_antifav_mid_control": {
    "n": 5807,
    "roi_pct": -10.111072843120372,
    "se_roi_pct": 1.4649893998175398,
    "p_boot_le_0": 1.0,
    "wr": 0.4322369553986568,
    "avg_odds": 2.317721715171345
   },
   "dc_antifav_last5_pfav55-75": {
    "n": 252,
    "roi_pct": 0.05952380952380895,
    "se_roi_pct": 8.077096519935568,
    "p_boot_le_0": 0.51575,
    "wr": 0.3888888888888889,
    "avg_odds": 2.6435317460317465
   },
   "dog_last5_pfav55-75": {
    "n": 252,
    "roi_pct": 10.603174603174605,
    "se_roi_pct": 15.259758024713635,
    "p_boot_le_0": 0.239,
    "wr": 0.18253968253968253,
    "avg_odds": 6.4123809523809525
   },
   "draw_last5_pfav55-75": {
    "n": 252,
    "roi_pct": -3.726190476190477,
    "se_roi_pct": 12.0382974292458,
    "p_boot_le_0": 0.6305,
    "wr": 0.20634920634920634,
    "avg_odds": 4.709801587301587
   }
  },
  "newchamps": {
   "dc_antifav_last5": {
    "n": 387,
    "roi_pct": 2.3850129198966403,
    "se_roi_pct": 5.545894231315479,
    "p_boot_le_0": 0.3405,
    "wr": 0.5167958656330749,
    "avg_odds": 2.25968992248062
   },
   "dc_antifav_J1-5_control": {
    "n": 962,
    "roi_pct": -14.817047817047818,
    "se_roi_pct": 3.2386224856772228,
    "p_boot_le_0": 1.0,
    "wr": 0.4501039501039501,
    "avg_odds": 2.1488149688149685
   },
   "dc_antifav_mid_control": {
    "n": 4768,
    "roi_pct": -6.630662751677853,
    "se_roi_pct": 1.5585786858777315,
    "p_boot_le_0": 1.0,
    "wr": 0.4777684563758389,
    "avg_odds": 2.1822881711409394
   },
   "dc_antifav_last5_pfav55-75": {
    "n": 126,
    "roi_pct": 18.96825396825397,
    "se_roi_pct": 11.813228724184457,
    "p_boot_le_0": 0.049,
    "wr": 0.4603174603174603,
    "avg_odds": 2.5877777777777777
   },
   "dog_last5_pfav55-75": {
    "n": 126,
    "roi_pct": 12.30952380952381,
    "se_roi_pct": 22.19386577422994,
    "p_boot_le_0": 0.2955,
    "wr": 0.18253968253968253,
    "avg_odds": 6.832380952380953
   },
   "draw_last5_pfav55-75": {
    "n": 126,
    "roi_pct": 25.293650793650794,
    "se_roi_pct": 18.45283328341307,
    "p_boot_le_0": 0.07725,
    "wr": 0.2777777777777778,
    "avg_odds": 4.430396825396825
   }
  },
  "8035-test30": {
   "dc_antifav_last5": {
    "n": 150,
    "roi_pct": -0.6533333333333324,
    "se_roi_pct": 9.082431287434927,
    "p_boot_le_0": 0.53225,
    "wr": 0.48,
    "avg_odds": 2.293533333333334
   },
   "dc_antifav_last5_pfav55-75": {
    "n": 56,
    "roi_pct": 17.75,
    "se_roi_pct": 17.467451177815,
    "p_boot_le_0": 0.1545,
    "wr": 0.4642857142857143,
    "avg_odds": 2.6367857142857143
   }
  }
 },
 "n_tests_scanned": 21
}