{
 "placeholder_check": {
  "n": 392,
  "gj_gt_ft": 237,
  "gj_lt_ft": 116
 },
 "ftts_newera_champ": {
  "label": "FTTS1 new-era champs (8035rec+5 ligues)",
  "n": 1497,
  "wr": 0.7742,
  "roi": 0.055,
  "avg_odds": 1.369,
  "p": 0.00021775323225749094
 },
 "ftts_allchamp_full": {
  "label": "FTTS1 all champs incl 8035-old",
  "n": 2759,
  "wr": 0.776,
  "roi": 0.0636,
  "avg_odds": 1.376,
  "p": 6.805048202763944e-09
 },
 "newera_grid_ratios": {
  "n": 13289,
  "cells": {
   "0-0": {
    "obs": 1179,
    "exp": 1361.6,
    "ratio": 0.866,
    "p": 1.1050145017955583e-07
   },
   "1-0": {
    "obs": 1107,
    "exp": 1534.8,
    "ratio": 0.721,
    "p": 7.583914020308072e-34
   },
   "0-1": {
    "obs": 842,
    "exp": 1166.9,
    "ratio": 0.722,
    "p": 2.274940332801857e-25
   },
   "1-1": {
    "obs": 1449,
    "exp": 1343.3,
    "ratio": 1.079,
    "p": 0.002631750798548951
   },
   "2-1": {
    "obs": 1112,
    "exp": 936.0,
    "ratio": 1.188,
    "p": 5.969560414858336e-09
   },
   "1-2": {
    "obs": 914,
    "exp": 746.8,
    "ratio": 1.224,
    "p": 1.0176738859227267e-09
   },
   "2-2": {
    "obs": 663,
    "exp": 505.8,
    "ratio": 1.311,
    "p": 9.685502981227827e-12
   },
   "2-0": {
    "obs": 945,
    "exp": 1088.5,
    "ratio": 0.868,
    "p": 3.840818326990795e-06
   },
   "0-2": {
    "obs": 554,
    "exp": 655.0,
    "ratio": 0.846,
    "p": 3.640660525957029e-05
   },
   "3-3": {
    "obs": 100,
    "exp": 107.7,
    "ratio": 0.928,
    "p": 0.4980121773407614
   },
   "DRAWS": {
    "obs": 3391,
    "exp": 3336.9,
    "ratio": 1.016,
    "p": 0.28004475044589094
   }
  }
 },
 "n_tests_part6": 13
}