{
 "merged": {
  "8035": {
   "tag": "8035-merged120s",
   "n": 7531,
   "n_kept": 7488,
   "n_rounds": 481,
   "fav": {
    "rho": 0.0006054116432123358,
    "p": 0.7005748562859285,
    "npairs": 290517.0,
    "z": 0.38547739885027893
   },
   "draw": {
    "rho": 0.0003992816028397995,
    "p": 0.7583104223944014,
    "npairs": 290517.0,
    "z": 0.3057052987439888
   },
   "goals": {
    "rho": 0.0021529295328957046,
    "p": 0.2036990752311922,
    "npairs": 290517.0,
    "z": 1.2315084141335177
   }
  },
  "pooled-9": {
   "tag": "pooled9-merged120s",
   "n": 21205,
   "n_kept": 21162,
   "n_rounds": 1367,
   "fav": {
    "rho": 0.0005292396898562076,
    "p": 0.670332416895776,
    "npairs": 428287.0,
    "z": 0.41925090626041994
   },
   "draw": {
    "rho": 0.000683819658267536,
    "p": 0.6175956010997251,
    "npairs": 428287.0,
    "z": 0.49276825780414946
   },
   "goals": {
    "rho": 0.0032847736587899006,
    "p": 0.030492376905773555,
    "npairs": 428287.0,
    "z": 2.2044733051687873
   }
  }
 },
 "halves": {
  "H1": {
   "tag": "8035-H1",
   "n": 3769,
   "n_kept": 3726,
   "n_rounds": 332,
   "fav": {
    "rho": -0.0013915605788325696,
    "p": 0.6443389152711823,
    "npairs": 142583.0,
    "z": -0.4335183994347443
   },
   "draw": {
    "rho": 0.0006991227652729691,
    "p": 0.6938265433641589,
    "npairs": 142583.0,
    "z": 0.3841793778870445
   },
   "goals": {
    "rho": 0.005174879424707183,
    "p": 0.03824043989002749,
    "npairs": 142583.0,
    "z": 2.0590017466550554
   }
  },
  "H2": {
   "tag": "8035-H2",
   "n": 3762,
   "n_kept": 3762,
   "n_rounds": 149,
   "fav": {
    "rho": 0.002418023579435891,
    "p": 0.26118470382404396,
    "npairs": 147934.0,
    "z": 1.0605141870043746
   },
   "draw": {
    "rho": -0.0005799279557910957,
    "p": 0.9020244938765308,
    "npairs": 147934.0,
    "z": -0.12346155199293639
   },
   "goals": {
    "rho": -0.0005510049922984426,
    "p": 0.9112721819545113,
    "npairs": 147934.0,
    "z": -0.11161139134395233
   }
  }
 },
 "equicorr_8035_merged": {
  "rho": 0.0006054116432123365,
  "ci95": [
   -0.0016541083951988921,
   0.0029022563460768345
  ],
  "n_rounds": 481
 },
 "equicorr_pooled9_merged": {
  "rho": 0.0005292396898562089,
  "ci95": [
   -0.0018678785935801047,
   0.0031522541680624253
  ],
  "n_rounds": 1367
 },
 "parlays": {
  "same": {
   "n": 1367,
   "roi": -0.10089583028529608,
   "avg_odds": 1.791716459400146,
   "wr": 0.53474762253109
  },
  "cross": {
   "n": 1401,
   "roi": -0.09208101356174152,
   "avg_odds": 1.6285581727337615,
   "wr": 0.5802997858672377
  },
  "diff_roi": -0.008814816723554567,
  "diff_ci95": [
   -0.07367825506470194,
   0.056466073094409014
  ]
 },
 "baseline_fav_8035_test": {
  "n": 2250,
  "wr": 0.5617777777777778,
  "roi": -0.04790222222222222,
  "avg_odds": 1.77332,
  "roi_ci95": [
   -0.08309844444444445,
   -0.012083888888888892
  ]
 }
}