{
 "V1": {
  "train": {
   "n": 5180,
   "wins": 1059,
   "wr": 0.2044,
   "implied_norm": 0.2252,
   "dev_pp": -2.08,
   "z": -3.595,
   "pvalue": 0.000324,
   "roi_pct": -14.56,
   "z_roi": -5.697,
   "p_roi": 0.0,
   "avg_odds": 4.386
  },
  "test": {
   "n": 2221,
   "wins": 498,
   "wr": 0.2242,
   "implied_norm": 0.2262,
   "dev_pp": -0.2,
   "z": -0.223,
   "pvalue": 0.823869,
   "roi_pct": -7.37,
   "z_roi": -1.895,
   "p_roi": 0.058032,
   "avg_odds": 4.362
  },
  "full": {
   "n": 7401,
   "wins": 1557,
   "wr": 0.2104,
   "implied_norm": 0.2255,
   "dev_pp": -1.51,
   "z": -3.128,
   "pvalue": 0.001757,
   "roi_pct": -12.41,
   "z_roi": -5.807,
   "p_roi": 0.0,
   "avg_odds": 4.378
  },
  "train_3.5-4.0": {
   "n": 1707,
   "wins": 383,
   "wr": 0.2244,
   "implied_norm": 0.2517,
   "dev_pp": -2.73,
   "z": -2.602,
   "pvalue": 0.00926,
   "roi_pct": -16.05,
   "z_roi": -3.995,
   "p_roi": 6.5e-05,
   "avg_odds": 3.754
  },
  "test_3.5-4.0": {
   "n": 724,
   "wins": 173,
   "wr": 0.239,
   "implied_norm": 0.2519,
   "dev_pp": -1.3,
   "z": -0.804,
   "pvalue": 0.421311,
   "roi_pct": -10.71,
   "z_roi": -1.738,
   "p_roi": 0.082231,
   "avg_odds": 3.75
  },
  "full_H": {
   "n": 7401,
   "wins": 3608,
   "wr": 0.4875,
   "implied_norm": 0.4755,
   "dev_pp": 1.2,
   "z": 2.226,
   "pvalue": 0.026031,
   "roi_pct": -2.36,
   "z_roi": -1.577,
   "p_roi": 0.11483,
   "avg_odds": 2.66
  },
  "full_A": {
   "n": 7401,
   "wins": 2236,
   "wr": 0.3021,
   "implied_norm": 0.299,
   "dev_pp": 0.32,
   "z": 0.639,
   "pvalue": 0.52255,
   "roi_pct": -4.53,
   "z_roi": -2.073,
   "p_roi": 0.038139,
   "avg_odds": 4.538
  }
 },
 "V2": {
  "A_3.0-3.5_MS_early(cible)": {
   "train": {
    "n": 122,
    "wins": 42,
    "wr": 0.3443,
    "implied_norm": 0.2913,
    "dev_pp": 5.29,
    "z": 1.287,
    "pvalue": 0.198147,
    "roi_pct": 10.57,
    "z_roi": 0.78,
    "p_roi": 0.435499,
    "avg_odds": 3.243
   },
   "test": {
    "n": 40,
    "wins": 16,
    "wr": 0.4,
    "implied_norm": 0.2954,
    "dev_pp": 10.46,
    "z": 1.451,
    "pvalue": 0.146827,
    "roi_pct": 28.5,
    "z_roi": 1.215,
    "p_roi": 0.224378,
    "avg_odds": 3.201
   },
   "new": {
    "n": 229,
    "wins": 83,
    "wr": 0.3624,
    "implied_norm": 0.2923,
    "dev_pp": 7.02,
    "z": 2.336,
    "pvalue": 0.019469,
    "roi_pct": 17.4,
    "z_roi": 1.762,
    "p_roi": 0.078116,
    "avg_odds": 3.234
   },
   "comb": {
    "n": 269,
    "wins": 99,
    "wr": 0.368,
    "implied_norm": 0.2927,
    "dev_pp": 7.53,
    "z": 2.716,
    "pvalue": 0.006614,
    "roi_pct": 19.05,
    "z_roi": 2.093,
    "p_roi": 0.036367,
    "avg_odds": 3.229
   }
  },
  "A_2.5-3.0_MS_early(voisin-cote)": {
   "train": {
    "n": 153,
    "wins": 61,
    "wr": 0.3987,
    "implied_norm": 0.3412,
    "dev_pp": 5.75,
    "z": 1.5,
    "pvalue": 0.133503,
    "roi_pct": 10.03,
    "z_roi": 0.932,
    "p_roi": 0.351295,
    "avg_odds": 2.77
   },
   "test": {
    "n": 56,
    "wins": 15,
    "wr": 0.2679,
    "implied_norm": 0.3426,
    "dev_pp": -7.47,
    "z": -1.179,
    "pvalue": 0.238434,
    "roi_pct": -26.04,
    "z_roi": -1.468,
    "p_roi": 0.14212,
    "avg_odds": 2.762
   },
   "new": {
    "n": 250,
    "wins": 90,
    "wr": 0.36,
    "implied_norm": 0.3454,
    "dev_pp": 1.46,
    "z": 0.484,
    "pvalue": 0.628244,
    "roi_pct": -1.6,
    "z_roi": -0.191,
    "p_roi": 0.848208,
    "avg_odds": 2.738
   },
   "comb": {
    "n": 306,
    "wins": 105,
    "wr": 0.3431,
    "implied_norm": 0.3449,
    "dev_pp": -0.18,
    "z": -0.066,
    "pvalue": 0.947642,
    "roi_pct": -6.07,
    "z_roi": -0.804,
    "p_roi": 0.421279,
    "avg_odds": 2.742
   }
  },
  "A_3.5-4.0_MS_early(voisin-cote)": {
   "train": {
    "n": 128,
    "wins": 36,
    "wr": 0.2812,
    "implied_norm": 0.2518,
    "dev_pp": 2.94,
    "z": 0.767,
    "pvalue": 0.443121,
    "roi_pct": 5.23,
    "z_roi": 0.357,
    "p_roi": 0.721069,
    "avg_odds": 3.751
   },
   "test": {
    "n": 41,
    "wins": 5,
    "wr": 0.122,
    "implied_norm": 0.2529,
    "dev_pp": -13.1,
    "z": -1.93,
    "pvalue": 0.05361,
    "roi_pct": -53.39,
    "z_roi": -2.067,
    "p_roi": 0.038775,
    "avg_odds": 3.737
   },
   "new": {
    "n": 196,
    "wins": 46,
    "wr": 0.2347,
    "implied_norm": 0.2524,
    "dev_pp": -1.77,
    "z": -0.57,
    "pvalue": 0.568831,
    "roi_pct": -11.93,
    "z_roi": -1.009,
    "p_roi": 0.313125,
    "avg_odds": 3.743
   },
   "comb": {
    "n": 237,
    "wins": 51,
    "wr": 0.2152,
    "implied_norm": 0.2525,
    "dev_pp": -3.73,
    "z": -1.321,
    "pvalue": 0.186411,
    "roi_pct": -19.11,
    "z_roi": -1.776,
    "p_roi": 0.075708,
    "avg_odds": 3.742
   }
  },
  "A_3.0-3.5_DS(voisin-seg)": {
   "train": {
    "n": 48,
    "wins": 17,
    "wr": 0.3542,
    "implied_norm": 0.2924,
    "dev_pp": 6.18,
    "z": 0.942,
    "pvalue": 0.346365,
    "roi_pct": 14.44,
    "z_roi": 0.669,
    "p_roi": 0.503269,
    "avg_odds": 3.233
   },
   "test": {
    "n": 18,
    "wins": 4,
    "wr": 0.2222,
    "implied_norm": 0.2893,
    "dev_pp": -6.7,
    "z": -0.628,
    "pvalue": 0.530308,
    "roi_pct": -27.78,
    "z_roi": -0.782,
    "p_roi": 0.433925,
    "avg_odds": 3.268
   },
   "new": {
    "n": 96,
    "wins": 27,
    "wr": 0.2812,
    "implied_norm": 0.2912,
    "dev_pp": -0.99,
    "z": -0.214,
    "pvalue": 0.830687,
    "roi_pct": -7.61,
    "z_roi": -0.498,
    "p_roi": 0.618627,
    "avg_odds": 3.246
   },
   "comb": {
    "n": 114,
    "wins": 31,
    "wr": 0.2719,
    "implied_norm": 0.2909,
    "dev_pp": -1.89,
    "z": -0.445,
    "pvalue": 0.656166,
    "roi_pct": -10.8,
    "z_roi": -0.769,
    "p_roi": 0.442089,
    "avg_odds": 3.25
   }
  },
  "A_3.0-3.5_MS_mid(voisin-seg)": {
   "train": {
    "n": 169,
    "wins": 49,
    "wr": 0.2899,
    "implied_norm": 0.2931,
    "dev_pp": -0.31,
    "z": -0.089,
    "pvalue": 0.928721,
    "roi_pct": -7.08,
    "z_roi": -0.617,
    "p_roi": 0.53746,
    "avg_odds": 3.226
   },
   "test": {
    "n": 81,
    "wins": 21,
    "wr": 0.2593,
    "implied_norm": 0.2926,
    "dev_pp": -3.33,
    "z": -0.659,
    "pvalue": 0.509583,
    "roi_pct": -16.41,
    "z_roi": -0.989,
    "p_roi": 0.32267,
    "avg_odds": 3.229
   },
   "new": {
    "n": 400,
    "wins": 102,
    "wr": 0.255,
    "implied_norm": 0.2916,
    "dev_pp": -3.66,
    "z": -1.61,
    "pvalue": 0.107408,
    "roi_pct": -17.47,
    "z_roi": -2.334,
    "p_roi": 0.019599,
    "avg_odds": 3.242
   },
   "comb": {
    "n": 481,
    "wins": 123,
    "wr": 0.2557,
    "implied_norm": 0.2917,
    "dev_pp": -3.6,
    "z": -1.739,
    "pvalue": 0.082078,
    "roi_pct": -17.29,
    "z_roi": -2.534,
    "p_roi": 0.011268,
    "avg_odds": 3.24
   }
  },
  "A_3.0-3.5_toutes-saisons": {
   "train": {
    "n": 493,
    "wins": 151,
    "wr": 0.3063,
    "implied_norm": 0.2922,
    "dev_pp": 1.41,
    "z": 0.688,
    "pvalue": 0.491303,
    "roi_pct": -1.41,
    "z_roi": -0.209,
    "p_roi": 0.834372,
    "avg_odds": 3.234
   },
   "test": {
    "n": 195,
    "wins": 63,
    "wr": 0.3231,
    "implied_norm": 0.2927,
    "dev_pp": 3.03,
    "z": 0.931,
    "pvalue": 0.351803,
    "roi_pct": 4.36,
    "z_roi": 0.408,
    "p_roi": 0.683119,
    "avg_odds": 3.229
   },
   "new": {
    "n": 1063,
    "wins": 318,
    "wr": 0.2992,
    "implied_norm": 0.2912,
    "dev_pp": 0.8,
    "z": 0.572,
    "pvalue": 0.567234,
    "roi_pct": -2.77,
    "z_roi": -0.603,
    "p_roi": 0.546578,
    "avg_odds": 3.246
   },
   "comb": {
    "n": 1258,
    "wins": 381,
    "wr": 0.3029,
    "implied_norm": 0.2914,
    "dev_pp": 1.14,