{
 "A_leakage_audit": {
  "checked": 2916,
  "mismatch": 0,
  "ties_same_timestamp": 0
 },
 "B_residual_dup_audit": {
  "pairs_30min_6h": 12752,
  "same_score": 1097,
  "same_score_rate": 0.08602572145545796
 },
 "C_alt_splits_8035_back_overperf": {
  "split50": {
   "thr": 0.9990259503638679,
   "train": {
    "n": 757,
    "wr": 0.38837516512549536,
    "roi_pct": -1.8811096433289303,
    "se_roi_pct": 6.558505289577096,
    "p_boot_roi_le_0": 0.62625,
    "avg_odds": 3.536036988110964
   },
   "test": {
    "n": 712,
    "wr": 0.39185393258426965,
    "roi_pct": 1.2429775280898878,
    "se_roi_pct": 6.36369329886944,
    "p_boot_roi_le_0": 0.4405,
    "avg_odds": 3.6048174157303365
   }
  },
  "split60": {
   "thr": 0.9951558820007077,
   "train": {
    "n": 908,
    "wr": 0.3876651982378855,
    "roi_pct": -2.124449339207049,
    "se_roi_pct": 5.868485844186367,
    "p_boot_roi_le_0": 0.64375,
    "avg_odds": 3.4738656387665197
   },
   "test": {
    "n": 582,
    "wr": 0.4020618556701031,
    "roi_pct": 4.0635738831615145,
    "se_roi_pct": 7.128709025646625,
    "p_boot_roi_le_0": 0.294,
    "avg_odds": 3.684587628865979
   }
  },
  "split70": {
   "thr": 0.9911178967358045,
   "train": {
    "n": 1060,
    "wr": 0.37830188679245286,
    "roi_pct": -4.364150943396226,
    "se_roi_pct": 5.319156932086766,
    "p_boot_roi_le_0": 0.785,
    "avg_odds": 3.5336698113207548
   },
   "test": {
    "n": 445,
    "wr": 0.4314606741573034,
    "roi_pct": 13.235955056179776,
    "se_roi_pct": 8.587089861076933,
    "p_boot_roi_le_0": 0.05625,
    "avg_odds": 3.5928764044943824
   }
  },
  "split80": {
   "thr": 0.9913082295189958,
   "train": {
    "n": 1211,
    "wr": 0.3856317093311313,
    "roi_pct": -1.8876961189099928,
    "se_roi_pct": 5.024956500139119,
    "p_boot_roi_le_0": 0.64925,
    "avg_odds": 3.541073492981007
   },
   "test": {
    "n": 292,
    "wr": 0.4280821917808219,
    "roi_pct": 12.085616438356167,
    "se_roi_pct": 10.493670999707366,
    "p_boot_roi_le_0": 0.1215,
    "avg_odds": 3.601883561643836
   }
  }
 },
 "D_test30_subperiods": {
  "threshold": 0.9911178967358045,
  "test30_first_half": {
   "n": 227,
   "wr": 0.44052863436123346,
   "roi_pct": 16.127753303964756,
   "se_roi_pct": 12.173262586432994,
   "p_boot_roi_le_0": 0.08375,
   "avg_odds": 3.587400881057269
  },
  "test30_second_half": {
   "n": 218,
   "wr": 0.42201834862385323,
   "roi_pct": 10.224770642201833,
   "se_roi_pct": 12.132165805678904,
   "p_boot_roi_le_0": 0.209,
   "avg_odds": 3.5985779816513763
  },
  "test30_full": {
   "n": 445,
   "wr": 0.4314606741573034,
   "roi_pct": 13.235955056179776,
   "se_roi_pct": 8.587089861076933,
   "p_boot_roi_le_0": 0.05525,
   "avg_odds": 3.5928764044943824
  }
 },
 "E_replication": {
  "champ_new_only": {
   "rpts5_homewin": {
    "ll0": -4045.491557985843,
    "ll1": -4045.491176296624,
    "chi2": 0.00076337843802321,
    "df": 2,
    "p": 0.9996183836150514,
    "coefs_extra": [
     0.0015444927345083426,
     -0.0005801668980785896
    ],
    "n": 6535
   },
   "rgd5_homewin": {
    "ll0": -4045.491557985843,
    "ll1": -4044.717534253451,
    "chi2": 1.5480474647838491,
    "df": 2,
    "p": 0.46115377079676445,
    "coefs_extra": [
     0.029817089324915266,
     -0.03543013101938836
    ],
    "n": 6535
   },
   "rule_back_overperf_thr8035": {
    "n": 1229,
    "wr": 0.37591537835638733,
    "roi_pct": -4.824247355573637,
    "se_roi_pct": 4.3633923343056935,
    "p_boot_roi_le_0": 0.86125,
    "avg_odds": 3.7725711960943853
   }
  },
  "cups_only": {
   "rpts5_homewin": {
    "ll0": -4887.102453196917,
    "ll1": -4886.918356854157,
    "chi2": 0.3681926855206257,
    "df": 2,
    "p": 0.831855656695788,
    "coefs_extra": [
     0.0066079372764498,
     -0.027102270284068693
    ],
    "n": 8235
   },
   "rgd5_homewin": {
    "ll0": -4887.102453196917,
    "ll1": -4886.773031655583,
    "chi2": 0.6588430826686817,
    "df": 2,
    "p": 0.7193397213998006,
    "coefs_extra": [
     -0.02657565109548196,
     0.00194070649848048
    ],
    "n": 8235
   },
   "rule_back_overperf_thr8035": {
    "n": 1530,
    "wr": 0.365359477124183,
    "roi_pct": -7.424836601307189,
    "se_roi_pct": 4.074480132056673,
    "p_boot_roi_le_0": 0.97,
    "avg_odds": 4.754091503267974
   }
  }
 },
 "F_combined_oos": {
  "n": 3204,
  "roi_pct": -3.557740324594257,
  "ci95": [
   -8.974430399500626,
   2.065059300873905
  ],
  "p_boot_roi_le_0": 0.89625,
  "parts": {
   "test30": {
    "n": 445,
    "roi_pct": 13.235955056179776
   },
   "newleagues": {
    "n": 2759,
    "roi_pct": -6.266400869880391
   }
  }
 },
 "G_sign_coherence_rpts5_homewin": {
  "8035": {
   "p": 0.006692774668773188,
   "coef_home_resid": 0.00021357082912153234,
   "coef_away_resid": 0.14652582183802382,
   "n": 7568
  },
  "champ_new_only": {
   "p": 0.9996183836150514,
   "coef_home_resid": 0.0015444927345083426,
   "coef_away_resid": -0.0005801668980785896,
   "n": 6535
  },
  "cups_only": {
   "p": 0.831855656695788,
   "coef_home_resid": 0.0066079372764498,
   "coef_away_resid": -0.027102270284068693,
   "n": 8235
  }
 }
}