{
 "bins": {
  "8035": {
   "Q1": {
    "res_home": {
     "mean": 0.012559925780941521,
     "se": 0.011612087684565462,
     "n": 1576
    },
    "res_draw": {
     "mean": -0.021956853352324054,
     "se": 0.010100074652532933,
     "n": 1576
    },
    "res_fav": {
     "mean": 0.016395608319897708,
     "se": 0.012050577507130737,
     "n": 1576
    },
    "res_total": {
     "mean": 0.1546502720147448,
     "se": 0.03598795927533067,
     "n": 1576
    }
   },
   "Q2": {
    "res_home": {
     "mean": 0.006859144259428973,
     "se": 0.011971466819277653,
     "n": 1480
    },
    "res_draw": {
     "mean": -0.010375198191607864,
     "se": 0.010596785050347734,
     "n": 1480
    },
    "res_fav": {
     "mean": 0.00907275293675336,
     "se": 0.012398410115002048,
     "n": 1480
    },
    "res_total": {
     "mean": 0.15762998248183277,
     "se": 0.038049368247135396,
     "n": 1480
    }
   },
   "Q3": {
    "res_home": {
     "mean": 0.02798593382200633,
     "se": 0.011182725393777888,
     "n": 1707
    },
    "res_draw": {
     "mean": -0.021907437809092753,
     "se": 0.009689140137991062,
     "n": 1707
    },
    "res_fav": {
     "mean": 0.0173874648706199,
     "se": 0.011573434326514847,
     "n": 1707
    },
    "res_total": {
     "mean": 0.18244491356813108,
     "se": 0.03407203045041214,
     "n": 1707
    }
   },
   "Q4": {
    "res_home": {
     "mean": 0.020849887170303876,
     "se": 0.011636996020946748,
     "n": 1584
    },
    "res_draw": {
     "mean": -0.029165667514999022,
     "se": 0.009947412015689222,
     "n": 1584
    },
    "res_fav": {
     "mean": 0.015774487075311098,
     "se": 0.012024360052395957,
     "n": 1584
    },
    "res_total": {
     "mean": 0.1445544362147535,
     "se": 0.03532925693402606,
     "n": 1584
    }
   },
   "Q5": {
    "res_home": {
     "mean": 0.0052145882997772985,
     "se": 0.012904211114782604,
     "n": 1285
    },
    "res_draw": {
     "mean": 0.004389589245482346,
     "se": 0.011644460531973084,
     "n": 1285
    },
    "res_fav": {
     "mean": 0.0004876095423935354,
     "se": 0.013399281444698907,
     "n": 1285
    },
    "res_total": {
     "mean": 0.1813556536057422,
     "se": 0.0403901587341866,
     "n": 1285
    }
   }
  },
  "pooled-newchamps": {
   "Q1": {
    "res_home": {
     "mean": 0.0013322139480682902,
     "se": 0.011470647928160948,
     "n": 1593
    },
    "res_draw": {
     "mean": -0.009813383061987202,
     "se": 0.010700463400669458,
     "n": 1593
    },
    "res_fav": {
     "mean": 0.013932959133947105,
     "se": 0.01201688893870347,
     "n": 1593
    },
    "res_total": {
     "mean": 0.2329412420862157,
     "se": 0.03534810571184828,
     "n": 1593
    }
   },
   "Q2": {
    "res_home": {
     "mean": 0.004958488905818078,
     "se": 0.012237952340672095,
     "n": 1381
    },
    "res_draw": {
     "mean": 0.006361802065958453,
     "se": 0.011710080628813577,
     "n": 1381
    },
    "res_fav": {
     "mean": 0.012557586373633741,
     "se": 0.012902726824168187,
     "n": 1381
    },
    "res_total": {
     "mean": 0.203723202321274,
     "se": 0.037818509467297735,
     "n": 1381
    }
   },
   "Q3": {
    "res_home": {
     "mean": 0.009793396621504944,
     "se": 0.012305964227565278,
     "n": 1429
    },
    "res_draw": {
     "mean": -0.0030665672100213415,
     "se": 0.011431419520195614,
     "n": 1429
    },
    "res_fav": {
     "mean": -0.002635494773905793,
     "se": 0.01271368537003892,
     "n": 1429
    },
    "res_total": {
     "mean": 0.2673885788172663,
     "se": 0.03715630592487126,
     "n": 1429
    }
   },
   "Q4": {
    "res_home": {
     "mean": -0.005941395062247348,
     "se": 0.012159471711669815,
     "n": 1496
    },
    "res_draw": {
     "mean": 0.017752242330946987,
     "se": 0.01147133044743714,
     "n": 1496
    },
    "res_fav": {
     "mean": -0.019769294018390053,
     "se": 0.012443329680270595,
     "n": 1496
    },
    "res_total": {
     "mean": 0.09264612775343681,
     "se": 0.03731875952387075,
     "n": 1496
    }
   },
   "Q5": {
    "res_home": {
     "mean": -0.026058446919040124,
     "se": 0.01604704847160207,
     "n": 872
    },
    "res_draw": {
     "mean": 0.02596896400099528,
     "se": 0.015134227512053625,
     "n": 872
    },
    "res_fav": {
     "mean": -0.050162105679167485,
     "se": 0.016350351512182632,
     "n": 872
    },
    "res_total": {
     "mean": 0.1103972368042908,
     "se": 0.04870680027165187,
     "n": 872
    }
   }
  },
  "pooled-6champs": {
   "Q1": {
    "res_home": {
     "mean": 0.0069159545124760574,
     "se": 0.008160034932972116,
     "n": 3169
    },
    "res_draw": {
     "mean": -0.015852546576525187,
     "se": 0.007359175366491718,
     "n": 3169
    },
    "res_fav": {
     "mean": 0.015157678325192972,
     "se": 0.008507822421756803,
     "n": 3169
    },
    "res_total": {
     "mean": 0.19400575176351506,
     "se": 0.025225665749033153,
     "n": 3169
    }
   },
   "Q2": {
    "res_home": {
     "mean": 0.005941701042603862,
     "se": 0.0085569687086613,
     "n": 2861
    },
    "res_draw": {
     "mean": -0.0022962756625274404,
     "se": 0.007874143300356297,
     "n": 2861
    },
    "res_fav": {
     "mean": 0.010754876311913027,
     "se": 0.008938591795803948,
     "n": 2861
    },
    "res_total": {
     "mean": 0.1798791039772079,
     "se": 0.02684394335148124,
     "n": 2861
    }
   },
   "Q3": {
    "res_home": {
     "mean": 0.01969603086935439,
     "se": 0.008276509827217364,
     "n": 3136
    },
    "res_draw": {
     "mean": -0.013322104873482727,
     "se": 0.007413477830485495,
     "n": 3136
    },
    "res_fav": {
     "mean": 0.008263482303009183,
     "se": 0.008559036244110873,
     "n": 3136
    },
    "res_total": {
     "mean": 0.2211517049077402,
     "se": 0.02511969337650192,
     "n": 3136
    }
   },
   "Q4": {
    "res_home": {
     "mean": 0.007836978657350422,
     "se": 0.008410324193904148,
     "n": 3080
    },
    "res_draw": {
     "mean": -0.006376968446968107,
     "se": 0.007574711179289695,
     "n": 3080
    },
    "res_fav": {
     "mean": -0.0014896351702008896,
     "se": 0.008651490382006214,
     "n": 3080
    },
    "res_total": {
     "mean": 0.11934182924782821,
     "se": 0.02566495836206774,
     "n": 3080
    }
   },
   "Q5": {
    "res_home": {
     "mean": -0.007428011009823442,
     "se": 0.010062004377478093,
     "n": 2157
    },
    "res_draw": {
     "mean": 0.013113379132736531,
     "se": 0.009250204173270727,
     "n": 2157
    },
    "res_fav": {
     "mean": -0.019988306856865257,
     "se": 0.010375265681502755,
     "n": 2157
    },
    "res_total": {
     "mean": 0.15266963624326393,
     "se": 0.03109342260340761,
     "n": 2157
    }
   }
  }
 },
 "tests": [
  {
   "name": "early_J1-5_vs_late_last5",
   "scope": "8035",
   "metric": "res_home",
   "nA": 1029,
   "nB": 646,
   "meanA": 0.03583595944481381,
   "meanB": 0.0011220154522256938,
   "t": 1.4960410875484547,
   "p": 0.13487683730401973
  },
  {
   "name": "early_J1-5_vs_late_last5",
   "scope": "8035",
   "metric": "res_draw",
   "nA": 1029,
   "nB": 646,
   "meanA": -0.04297818963348741,
   "meanB": 0.016827965657346587,
   "t": -2.901287302892183,
   "p": 0.003780721667086848
  },
  {
   "name": "early_J1-5_vs_late_last5",
   "scope": "8035",
   "metric": "res_fav",
   "nA": 1029,
   "nB": 646,
   "meanA": 0.0433561713666518,
   "meanB": -0.023251648184080383,
   "t": 2.7790996236011534,
   "p": 0.005526678830759412
  },
  {
   "name": "early_J1-5_vs_late_last5",
   "scope": "8035",
   "metric": "res_total",