{
  "snapshot": "2026-06-12",
  "n_events_clean": 21199,
  "hard_cap": {
    "max_total_all_results": 6,
    "n_results": 54296,
    "grid_mass_at_7plus_pct": 2.67
  },
  "margins": {
    "+/- 3.5": 6.0,
    "team totals 3.5": 6.01,
    "Total de buts exact": 12.09
  },
  "pricing_structure": {
    "comment": "O/U NOT priced from 1X2 grid: implied_over/grid ratio varies 1.57->1.06 with lambda_total, under ~1.00; book prices boost+truncation",
    "implied_over_over_grid_by_lambda": {
      "<2.2": 1.5733,
      "2.2-2.5": 1.3442,
      "2.5-2.8": 1.2678,
      "2.8-3.1": 1.2034,
      "3.1-3.4": 1.1479,
      ">=3.4": 1.0585
    },
    "implied_under_over_grid": 1.0032
  },
  "real_vs_grid": {
    "pooled9_goals_real": 2.775,
    "pooled9_goals_priced": 2.638,
    "delta": 0.137,
    "p_over35_real": 0.3221,
    "p_over35_grid": 0.2805,
    "by_group_delta": {
      "8035": 0.162,
      "dom-new": 0.189,
      "coupes": 0.071
    }
  },
  "blanket_roi": {
    "pooled9_over": -6.9,
    "pooled9_under": -5.67,
    "8035_over": -3.85,
    "8035_under": -6.53,
    "newleagues_over": -8.65,
    "newleagues_under": -5.16
  },
  "per_league_blanket": {
    "InstantLeague-8035": {
      "over": {
        "n": 7691,
        "wr": 0.3670523989078143,
        "roi": -0.038500845143674425,
        "odds": 2.7561903523599014,
        "p": 0.010220677587527094
      },
      "under": {
        "n": 7691,
        "wr": 0.6329476010921856,
        "roi": -0.06528149785463527,
        "odds": 1.4997815628656872,
        "p": 3.552713678800501e-15
      }
    },
    "InstantLeague-8036": {
      "over": {
        "n": 1300,
        "wr": 0.2076923076923077,
        "roi": -0.1124923076923077,
        "odds": 4.925538461538462,
        "p": 0.027740755453558474
      },
      "under": {
        "n": 1294,
        "wr": 0.7913446676970634,
        "roi": -0.045146831530139105,
        "odds": 1.2147527047913447,
        "p": 0.0011387415339911833
      }
    },
    "InstantLeague-8037": {
      "over": {
        "n": 1320,
        "wr": 0.225,
        "roi": -0.029984848484848482,
        "odds": 5.184590909090909,
        "p": 0.5910023263977251
      },
      "under": {
        "n": 1318,
        "wr": 0.7746585735963581,
        "roi": -0.06858118361153262,
        "odds": 1.2203641881638847,
        "p": 1.440260257279391e-06
      }
    },
    "InstantLeague-8042": {
      "over": {
        "n": 1125,
        "wr": 0.31555555555555553,
        "roi": -0.04496000000000001,
        "odds": 3.2402488888888885,
        "p": 0.3128197552140073
      },
      "under": {
        "n": 1125,
        "wr": 0.6844444444444444,
        "roi": -0.06071111111111112,
        "odds": 1.3926133333333335,
        "p": 0.0018021960677361282
      }
    },
    "InstantLeague-8043": {
      "over": {
        "n": 1134,
        "wr": 0.40652557319223986,
        "roi": -0.05968253968253969,
        "odds": 2.5600352733686065,
        "p": 0.10228032370018103
      },
      "under": {
        "n": 1134,
        "wr": 0.5934744268077602,
        "roi": -0.047345679012345675,
        "odds": 1.6407671957671957,
        "p": 0.05019796787088304
      }
    },
    "InstantLeague-8044": {
      "over": {
        "n": 1125,
        "wr": 0.2222222222222222,
        "roi": -0.1409688888888889,
        "odds": 4.676044444444444,
        "p": 0.006842881902203279
      },
      "under": {
        "n": 1117,
        "wr": 0.7761862130707251,
        "roi": -0.03870188003581021,
        "odds": 1.257018800358102,
        "p": 0.015206438545509515
      }
    },
    "InstantLeague-8056": {
      "over": {
        "n": 2499,
        "wr": 0.3997599039615846,
        "roi": -0.06764705882352942,
        "odds": 3.3912084833933576,
        "p": 0.01665421810715939
      },
      "under": {
        "n": 2455,
        "wr": 0.5938900203665988,
        "roi": -0.05711201629327903,
        "odds": 1.7042118126272914,
        "p": 0.0008155565302074841
      }
    },
    "InstantLeague-8060": {
      "over": {
        "n": 1496,
        "wr": 0.11898395721925134,
        "roi": -0.20423796791443852,
        "odds": 18.733061497326204,
        "p": 0.02773168670559767
      },
      "under": {
        "n": 946,
        "wr": 0.8245243128964059,
        "roi": -0.04401691331923888,
        "odds": 1.188171247357294,
        "p": 0.004352795913433072
      }
    },
    "InstantLeague-8065": {
      "over": {
        "n": 3384,
        "wr": 0.3531323877068558,
        "roi": -0.06506796690307329,
        "odds": 2.6936790780141844,
        "p": 0.003219334239510818
      },
      "under": {
        "n": 3384,
        "wr": 0.6468676122931442,
        "roi": -0.04808510638297872,
        "odds": 1.4783451536643024,
        "p": 8.172209334600389e-05
      }
    }
  },
  "tot1_edge_retest": {
    "8035-full": {
      "n": 7691,
      "wr": 0.12053049018333116,
      "roi": -0.08419451306722144,
      "odds": 7.998792094656092,
      "p": 0.004232441879100657
    },
    "8035-train": {
      "n": 5381,
      "wr": 0.121724586508084,
      "roi": -0.08005389332837762,
      "odds": 8.00517747630552,
      "p": 0.022359786600608222
    },
    "8035-test": {
      "n": 2310,
      "wr": 0.11774891774891776,
      "roi": -0.09383982683982683,
      "odds": 7.983917748917748,
      "p": 0.08356348977305661
    }
  },
  "pair_jitter_ou35": {
    "test8035_thr0.01_over": {
      "n": 211,
      "roi": 2.93,
      "p": 0.756
    },
    "train8035_thr0.01_over": {
      "n": 430,
      "roi": -6.27
    },
    "newleagues_thr0.01_over": {
      "n": 196,
      "roi": -8.35
    }
  },
  "n_tests_scanned": 175,
  "conclusion": "AUCUN edge positif sur les marches totals: le book price O/U/exacts depuis la VRAIE distribution du simulateur (boost +0.12 ET cap a 6 inclus), pas depuis la grille 1X2. Hypothese 'over sous-price partout' REFUTEE."
}