{
 "power_check_8035_struct": {
  "0.0": {
   "reject_rate_p01": 0.0,
   "median_p": 0.4534109816971714
  },
  "0.02": {
   "reject_rate_p01": 0.175,
   "median_p": 0.11980033277870217
  },
  "0.05": {
   "reject_rate_p01": 0.925,
   "median_p": 0.0016638935108153079
  },
  "0.1": {
   "reject_rate_p01": 1.0,
   "median_p": 0.0016638935108153079
  }
 },
 "adjacent_id": {
  "8035": {
   "fav": {
    "n_pairs": 3613,
    "corr": 0.02787904943895175,
    "p": 0.09897525618595351
   },
   "goals": {
    "n_pairs": 3613,
    "corr": 0.0002832959959635363,
    "p": 0.9875031242189453
   }
  },
  "pooled-newleagues": {
   "fav": {
    "n_pairs": 12605,
    "corr": -0.008479305767293015,
    "p": 0.3409147713071732
   },
   "goals": {
    "n_pairs": 12605,
    "corr": 0.015045269551484372,
    "p": 0.09447638090477381
   }
  }
 },
 "conditional_strategy_8035": {
  "ge3favlost_fav_full": {
   "n": 2976,
   "wr": 0.5561155913978495,
   "roi": -0.06077956989247308,
   "avg_odds": 1.7723286290322593
  },
  "ge3favlost_fav_test": {
   "n": 1730,
   "wr": 0.553757225433526,
   "roi": -0.059173410404624274,
   "avg_odds": 1.776485549132947
  },
  "ge3favlost_dog_full": {
   "n": 2976,
   "wr": 0.2318548387096774,
   "roi": 0.0295094086021505,
   "avg_odds": 5.392825940860208
  },
  "ge3favlost_dog_test": {
   "n": 1730,
   "wr": 0.22890173410404624,
   "roi": 0.02649710982658958,
   "avg_odds": 5.35182080924856
  },
  "ge5favlost_fav_full": {
   "n": 1417,
   "wr": 0.5582215949188426,
   "roi": -0.054629498941425554,
   "avg_odds": 1.7779816513761462
  },
  "ge5favlost_fav_test": {
   "n": 980,
   "wr": 0.5571428571428572,
   "roi": -0.05038775510204083,
   "avg_odds": 1.7849489795918383
  },
  "ge5favlost_dog_full": {
   "n": 1417,
   "wr": 0.22794636556104447,
   "roi": 0.011213832039520116,
   "avg_odds": 5.374227240649264
  },
  "ge5favlost_dog_test": {
   "n": 980,
   "wr": 0.23061224489795917,
   "roi": 0.017418367346938784,
   "avg_odds": 5.321724489795922
  },
  "le1favlost_fav_full": {
   "n": 204,
   "wr": 0.5637254901960784,
   "roi": -0.06828431372549022,
   "avg_odds": 1.7551470588235287
  },
  "le1favlost_fav_test": {
   "n": 100,
   "wr": 0.56,
   "roi": -0.044799999999999986,
   "avg_odds": 1.8058000000000007
  },
  "le1favlost_dog_full": {
   "n": 204,
   "wr": 0.20588235294117646,
   "roi": -0.03279411764705877,
   "avg_odds": 5.417549019607845
  },
  "le1favlost_dog_test": {
   "n": 100,
   "wr": 0.2,
   "roi": -0.20549999999999996,
   "avg_odds": 4.919699999999999
  },
  "baseline_fav": {
   "n": 7531,
   "wr": 0.5679192670296109,
   "roi": -0.041333156287345636,
   "avg_odds": 1.7718709334749696
  },
  "baseline_dog": {
   "n": 7531,
   "wr": 0.2228123755145399,
   "roi": -0.020412959766299293,
   "avg_odds": 5.428164918337532
  }
 },
 "dispersion_8035": {
  "mean_tot": 2.9965476032399416,
  "var_tot": 2.096124052275161,
  "mean_mu": 2.832823880723779,
  "var_resid": 2.0407581611992955
 }
}