{
 "mc_7030_ev0.04": {
  "n": 228,
  "roi_pct": 9.72,
  "wins": 40,
  "exp_wins_null": 37.0,
  "z_wins": 0.55,
  "p_mc": 0.274435,
  "avg_odds": 7.626
 },
 "mc_7030_ev0.06": {
  "n": 133,
  "roi_pct": 15.11,
  "wins": 23,
  "exp_wins_null": 20.5,
  "z_wins": 0.62,
  "p_mc": 0.24977,
  "avg_odds": 8.255
 },
 "mc_7030_ev0.08": {
  "n": 69,
  "roi_pct": 28.29,
  "wins": 14,
  "exp_wins_null": 9.4,
  "z_wins": 1.63,
  "p_mc": 0.197835,
  "avg_odds": 9.151
 },
 "mc_rolling_ev0.04": {
  "n": 435,
  "roi_pct": 21.63,
  "wr": 0.1908,
  "wins": 83,
  "exp_wins_null": 71.0,
  "z_wins": 1.59,
  "p_mc": 0.04496,
  "avg_odds": 7.742
 },
 "lr_home": {
  "b1": 0.854365452697953,
  "b2": 0.7378440642343793,
  "b_constr": 0.834713685388126,
  "LR": 1.5261043886412153,
  "p": 0.21669804940007165
 },
 "lr_away": {
  "b1": 1.0226693470420225,
  "b2": 0.7622191151988262,
  "b_constr": 1.0000455781237139,
  "LR": 7.731665702554892,
  "p": 0.005426066921512485
 },
 "shrink_home_ex_sunderland": {
  "b2": 0.6804502223856067,
  "se": 0.09845097651544371,
  "n": 4886
 },
 "mc_7030_ev0.04_ex_sunderland": {
  "n": 133,
  "roi_pct": 37.41,
  "wins": 26,
  "exp_wins_null": 20.1,
  "z_wins": 1.46,
  "p_mc": 0.05458
 },
 "mc_rolling_ev0.04_ex_sunderland": {
  "n": 255,
  "roi_pct": 45.0,
  "wins": 53,
  "exp_wins_null": 39.5,
  "z_wins": 2.37,
  "p_mc": 0.00462
 },
 "n_tests_scanned_phase4": 8
}