{
 "open_capture_minus_start_minutes": {
  "InstantLeague-8035": {
   "n": 8459,
   "q05": -5138.116990491667,
   "q25": -710.7311266166666,
   "q50": -0.0075244,
   "q75": 0.8701104666666667,
   "q95": 1.8302058849999998,
   "pct_pos": 49.946802222484926
  },
  "InstantLeague-8042": {
   "n": 1314,
   "q05": -0.8182747341666666,
   "q25": -0.12229480000000001,
   "q50": 0.3586684916666667,
   "q75": 0.9330325249999999,
   "q95": 2.7248145499999996,
   "pct_pos": 68.56925418569254
  },
  "InstantLeague-8043": {
   "n": 1323,
   "q05": -0.8676051416666667,
   "q25": -0.306264575,
   "q50": 0.3321732333333333,
   "q75": 0.9060304166666666,
   "q95": 1.7072675983333334,
   "pct_pos": 66.66666666666666
  },
  "InstantLeague-8044": {
   "n": 1314,
   "q05": -0.8696373266666667,
   "q25": -0.30523361250000003,
   "q50": 0.30813250000000003,
   "q75": 0.8900067416666667,
   "q95": 1.5836156275,
   "pct_pos": 65.75342465753424
  },
  "InstantLeague-8036": {
   "n": 1510,
   "q05": -0.7441467591666667,
   "q25": -0.11456504166666667,
   "q50": 0.5691827833333334,
   "q75": 1.1996891041666666,
   "q95": 3.0751311425,
   "pct_pos": 70.19867549668875
  },
  "InstantLeague-8037": {
   "n": 1530,
   "q05": -0.7805329333333333,
   "q25": -0.11265640416666667,
   "q50": 0.5586242083333333,
   "q75": 1.1992725708333334,
   "q95": 2.57367195,
   "pct_pos": 70.58823529411765
  }
 },
 "newchamps_late_by_capture": {
  "late_pre_kick": {
   "n": 75,
   "res_fav": -0.00687438947915101,
   "se": 0.055796419147994665,
   "roi_pct": -7.093333333333331,
   "pfav": 0.5402077228124843
  },
  "late_post_kick": {
   "n": 332,
   "res_fav": -0.07107738417721102,
   "se": 0.026285599815882042,
   "roi_pct": -19.373493975903614,
   "pfav": 0.531920757671187
  },
  "mid_pre_kick": {
   "n": 1548,
   "res_fav": -0.004889886021909063,
   "se": 0.012290141150402216,
   "roi_pct": -6.528423772609819,
   "pfav": 0.5307296793035629
  },
  "mid_post_kick": {
   "n": 3806,
   "res_fav": -0.00796181493329522,
   "se": 0.00778748686579223,
   "roi_pct": -7.733578560168157,
   "pfav": 0.5274047996941991
  }
 },
 "e35_late_by_capture": {
  "late_pre_kick": {
   "n": 333,
   "res_fav": -0.028957099015114895,
   "se": 0.026394433520915014,
   "roi_pct": -10.90990990990991,
   "pfav": 0.5634916335496494
  },
  "late_post_kick": {
   "n": 313,
   "res_fav": -0.01718163180473697,
   "se": 0.0272354784825658,
   "roi_pct": -9.389776357827476,
   "pfav": 0.5603126222200724
  },
  "mid_pre_kick": {
   "n": 2815,
   "res_fav": 0.014897910531281904,
   "se": 0.009009688774156886,
   "roi_pct": -3.2795737122557727,
   "pfav": 0.5581038656676524
  },
  "mid_post_kick": {
   "n": 3170,
   "res_fav": 0.006138129123446794,
   "se": 0.008531986877614663,
   "roi_pct": -4.536908517350158,
   "pfav": 0.5578997257661432
  }
 },
 "newchamps_late_by_season": {
  "InstantLeague-8036": {
   "s0": {
    "n": 40,
    "rounds": "6-32",
    "late": {
     "n": 0
    },
    "early": {
     "n": 0
    }
   },
   "s1": {
    "n": 130,
    "rounds": "1-35",
    "late": {
     "n": 10
    },
    "early": {
     "n": 20,
     "res_fav": -0.1324992062309413,
     "se": 0.10265602718110048,
     "roi_pct": -35.24999999999999,
     "pfav": 0.4824992062309413
    }
   },
   "s2": {
    "n": 128,
    "rounds": "1-33",
    "late": {
     "n": 0
    },
    "early": {
     "n": 18
    }
   },
   "s3": {
    "n": 139,
    "rounds": "1-36",
    "late": {
     "n": 20,
     "res_fav": 0.0015496487432320293,
     "se": 0.11192218374122932,
     "roi_pct": -5.899999999999998,
     "pfav": 0.4984503512567679
    },
    "early": {
     "n": 19
    }
   },
   "s4": {
    "n": 145,
    "rounds": "1-32",
    "late": {
     "n": 0
    },
    "early": {
     "n": 18
    }
   },
   "s5": {
    "n": 146,
    "rounds": "1-33",
    "late": {
     "n": 0
    },
    "early": {
     "n": 16
    }
   },
   "s6": {
    "n": 147,
    "rounds": "1-33",
    "late": {
     "n": 0
    },
    "early": {
     "n": 27,
     "res_fav": 0.24661551094222267,
     "se": 0.07891548970712688,
     "roi_pct": 40.25925925925926,
     "pfav": 0.494125229798518
    }
   },
   "s7": {
    "n": 80,
    "rounds": "13-34",
    "late": {
     "n": 10
    },
    "early": {
     "n": 0
    }
   },
   "s8": {
    "n": 118,
    "rounds": "1-31",
    "late": {
     "n": 0
    },
    "early": {
     "n": 28,
     "res_fav": -0.080937788563515,
     "se": 0.0904057428017546,
     "roi_pct": -24.035714285714285,
     "pfav": 0.5095092171349436
    }
   },
   "s9": {
    "n": 150,
    "rounds": "1-34",
    "late": {
     "n": 10
    },
    "early": {
     "n": 20,
     "res_fav": -0.10075363747076158,
     "se": 0.11980199633227573,
     "roi_pct": -16.449999999999996,
     "pfav": 0.5007536374707616
    }
   },
   "s10": {
    "n": 127,
    "rounds": "3-31",
    "late": {
     "n": 0
    },
    "early": {
     "n": 19
    }
   },
   "s11": {
    "n": 109,
    "rounds": "4-35",
    "late": {
     "n": 10
    },
    "early": {
     "n": 9
    }
   },
   "s12": {
    "n": 27,
    "rounds": "1-7",
    "late": {
     "n": 0
    },
    "early": {
     "n": 18
    }
   }
  },
  "InstantLeague-8037": {
   "s0": {
    "n": 40,
    "rounds": "6-32",
    "late": {
     "n": 0
    },
    "early": {
     "n": 0
    }
   },
   "s1": {
    "n": 159,
    "rounds": "1-35",
    "late": {
     "n": 10
    },
    "early": {
     "n": 20,
     "res_fav": -0.12233311323552161,
     "se": 0.09811387613243171,
     "roi_pct": -36.4,
     "pfav": 0.5223331132355217
    }
   },
   "s2": {
    "n": 124,
    "rounds": "1-33",
    "late": {
     "n": 0
    },
    "early": {
     "n": 15
    }
   },
   "s3": {
    "n": 138,
    "rounds": "1-36",
    "late": {
     "n": 20,
     "res_fav": -0.059169759529886866,
     "se": 0.10908665961864729,
     "roi_pct": -15.849999999999998,
     "pfav": 0.5591697595298868
    },
    "early": {
     "n": 18
    }
   },
   "s4": {
    "n": 147,
    "rounds": "1-32",
    "late": {
     "n": 0
    },
    "early": {
     "n": 18
    }
   },
   "s5": {
    "n": 137,
    "rounds": "1-33",
    "late": {
     "n": 0
    },
    "early": {
     "n": 18
    }
   },
   "s6": {
    "n": 149,
    "rounds": "1-33",
    "late": {
     "n": 0
    },
    "early": {
     "n": 30,
     "res_fav": 0.1655495785808044,
     "se": 0.0780595863368906,
     "roi_pct": 22.33333333333333,
     "pfav": 0.5344504214191956
    }
   },
   "s7": {
    "n": 80,
    "rounds": "13-34",
    "late": {
     "n": 10
    },
    "early": {
     "n": 0
    }
   },
   "s8": {
    "n": 130,
    "rounds": "1-31",
    "late": {
     "n": 0
    },
    "early": {
     "n": 30,
     "res_fav": -0.2192966104718714,
     "se": 0.07414100614880528,
     "roi_pct": -53.966666666666676,
     "pfav": 0.48596327713853804
    }
   },
   "s9": {
    "n": 129,
    "rounds": "1-33",
    "late": {
     "n": 0
    },
    "early": {
     "n": 19
    }
   },
   "s10": {
    "n": 140,
    "rounds": "1-31",
    "late": {
     "n": 0
    },
    "early": {
     "n": 30,
     "res_fav": -0.022784278102142775,
     "se": 0.08956725500407298,
     "roi_pct": -10.766666666666664,
     "pfav": 0.4894509447688094
    }
   },
   "s11": {
    "n": 109,
    "rounds": "4-35",
    "late": {
     "n": 10
    },
    "early": {
     "n": 9
    }
   },
   "s12": {
    "n": 29,
    "rounds": "1-7",
    "late": {
     "n": 0
    },
    "early": {
     "n": 19
    }
   }
  },
  "InstantLeague-8042": {
   "s0": {
    "n": 27,
    "rounds": "25-27",
    "late": {
     "n": 0
    },
    "early": {
     "n": 0
    }
   },