{
 "score_exact_cells": {
  "InstantLeague-8065": {
   "0-0": {
    "n": 3528,
    "wr": 0.049,
    "roi": -0.1526,
    "avg_odds": 18.79,
    "z": -2.35,
    "p": 0.01873
   },
   "0-1": {
    "n": 3528,
    "wr": 0.0641,
    "roi": -0.0291,
    "avg_odds": 16.338,
    "z": -0.44,
    "p": 0.65652
   },
   "0-2": {
    "n": 3521,
    "wr": 0.0511,
    "roi": -0.1137,
    "avg_odds": 21.571,
    "z": -1.5,
    "p": 0.13365
   },
   "0-3": {
    "n": 3229,
    "wr": 0.0427,
    "roi": -0.0391,
    "avg_odds": 32.243,
    "z": -0.4,
    "p": 0.68704
   },
   "0-4": {
    "n": 2124,
    "wr": 0.0273,
    "roi": 0.1032,
    "avg_odds": 47.776,
    "z": 0.62,
    "p": 0.53432
   },
   "0-5": {
    "n": 850,
    "wr": 0.0165,
    "roi": -0.1976,
    "avg_odds": 60.037,
    "z": -0.83,
    "p": 0.40666
   },
   "1-0": {
    "n": 3528,
    "wr": 0.0652,
    "roi": 0.0003,
    "avg_odds": 16.365,
    "z": 0.0,
    "p": 0.99645
   },
   "1-1": {
    "n": 3528,
    "wr": 0.1103,
    "roi": -0.0952,
    "avg_odds": 8.29,
    "z": -2.17,
    "p": 0.02995
   },
   "1-2": {
    "n": 3528,
    "wr": 0.0918,
    "roi": -0.0921,
    "avg_odds": 10.613,
    "z": -1.81,
    "p": 0.07102
   },
   "1-3": {
    "n": 3482,
    "wr": 0.0471,
    "roi": -0.1605,
    "avg_odds": 22.838,
    "z": -2.18,
    "p": 0.02954
   },
   "1-4": {
    "n": 2724,
    "wr": 0.0264,
    "roi": -0.1134,
    "avg_odds": 44.972,
    "z": -0.96,
    "p": 0.33544
   },
   "1-5": {
    "n": 517,
    "wr": 0.0058,
    "roi": -0.4962,
    "avg_odds": 70.362,
    "z": -1.69,
    "p": 0.09092
   },
   "2-0": {
    "n": 3519,
    "wr": 0.0483,
    "roi": -0.2043,
    "avg_odds": 21.553,
    "z": -3.13,
    "p": 0.00177
   },
   "2-1": {
    "n": 3528,
    "wr": 0.0873,
    "roi": -0.1465,
    "avg_odds": 10.617,
    "z": -3.02,
    "p": 0.00252
   },
   "2-2": {
    "n": 3528,
    "wr": 0.0663,
    "roi": -0.1402,
    "avg_odds": 13.402,
    "z": -2.55,
    "p": 0.0108
   },
   "2-3": {
    "n": 3493,
    "wr": 0.0321,
    "roi": -0.1428,
    "avg_odds": 30.555,
    "z": -1.72,
    "p": 0.08517
   },
   "2-4": {
    "n": 1037,
    "wr": 0.0183,
    "roi": 0.3757,
    "avg_odds": 76.539,
    "z": 1.18,
    "p": 0.23675
   },
   "3-0": {
    "n": 3240,
    "wr": 0.0426,
    "roi": -0.077,
    "avg_odds": 32.748,
    "z": -0.84,
    "p": 0.40078
   },
   "3-1": {
    "n": 3496,
    "wr": 0.0483,
    "roi": -0.0899,
    "avg_odds": 23.134,
    "z": -1.15,
    "p": 0.2504
   },
   "3-2": {
    "n": 3498,
    "wr": 0.0297,
    "roi": -0.2224,
    "avg_odds": 30.658,
    "z": -2.81,
    "p": 0.00498
   },
   "3-3": {
    "n": 1259,
    "wr": 0.0143,
    "roi": 0.2592,
    "avg_odds": 84.327,
    "z": 0.87,
    "p": 0.38165
   },
   "4-0": {
    "n": 2087,
    "wr": 0.0211,
    "roi": -0.2508,
    "avg_odds": 47.362,
    "z": -1.96,
    "p": 0.04958
   },
   "4-1": {
    "n": 2708,
    "wr": 0.0262,
    "roi": 0.0247,
    "avg_odds": 45.243,
    "z": 0.18,
    "p": 0.85625
   },
   "4-2": {
    "n": 1010,
    "wr": 0.0129,
    "roi": -0.0449,
    "avg_odds": 76.411,
    "z": -0.17,
    "p": 0.86646
   },
   "5-0": {
    "n": 819,
    "wr": 0.0208,
    "roi": -0.0524,
    "avg_odds": 59.504,
    "z": -0.21,
    "p": 0.83543
   },
   "5-1": {
    "n": 492,
    "wr": 0.0183,
    "roi": 0.2162,
    "avg_odds": 69.197,
    "z": 0.52,
    "p": 0.60438
   }
  },
  "InstantLeague-8056": {
   "0-0": {
    "n": 2585,
    "wr": 0.0627,
    "roi": -0.0781,
    "avg_odds": 26.641,
    "z": -0.8,
    "p": 0.42634
   },
   "0-1": {
    "n": 2618,
    "wr": 0.039,
    "roi": -0.1619,
    "avg_odds": 30.776,
    "z": -1.59,
    "p": 0.11176
   },
   "0-2": {
    "n": 2101,
    "wr": 0.0357,
    "roi": 0.0479,
    "avg_odds": 36.423,
    "z": 0.33,
    "p": 0.74351
   },
   "0-3": {
    "n": 1475,
    "wr": 0.0427,
    "roi": -0.2002,
    "avg_odds": 38.784,
    "z": -1.67,
    "p": 0.09455
   },
   "0-4": {
    "n": 886,
    "wr": 0.0248,
    "roi": -0.2178,
    "avg_odds": 47.585,
    "z": -1.11,
    "p": 0.26587
   },
   "0-5": {
    "n": 435,
    "wr": 0.0299,
    "roi": -0.1126,
    "avg_odds": 49.345,
    "z": -0.37,
    "p": 0.71176
   },
   "0-6": {
    "n": 152,
    "wr": 0.0066,
    "roi": -0.5319,
    "avg_odds": 58.238,
    "z": -1.14,
    "p": 0.25582
   },
   "1-0": {
    "n": 2628,
    "wr": 0.0639,
    "roi": -0.2139,
    "avg_odds": 19.564,
    "z": -2.87,
    "p": 0.00409
   },
   "1-1": {
    "n": 2628,
    "wr": 0.0849,
    "roi": -0.0885,
    "avg_odds": 12.889,
    "z": -1.38,
    "p": 0.16651
   },
   "1-2": {
    "n": 2449,
    "wr": 0.0641,
    "roi": -0.0735,
    "avg_odds": 22.437,
    "z": -0.85,
    "p": 0.39584
   },
   "1-3": {
    "n": 1840,
    "wr": 0.0484,
    "roi": -0.0174,
    "avg_odds": 32.233,
    "z": -0.14,
    "p": 0.8896
   },
   "1-4": {
    "n": 1095,
    "wr": 0.0338,
    "roi": -0.0763,
    "avg_odds": 39.301,
    "z": -0.42,
    "p": 0.67634
   },
   "1-5": {
    "n": 392,
    "wr": 0.0255,
    "roi": 0.1058,
    "avg_odds": 54.527,
    "z": 0.27,
    "p": 0.78751
   },
   "2-0": {
    "n": 2597,
    "wr": 0.0778,
    "roi": -0.1302,
    "avg_odds": 18.265,
    "z": -1.84,
    "p": 0.06558
   },
   "2-1": {
    "n": 2628,
    "wr": 0.083,
    "roi": -0.0777,
    "avg_odds": 12.597,
    "z": -1.21,
    "p": 0.22537
   },
   "2-2": {
    "n": 2492,
    "wr": 0.0498,
    "roi": -0.1452,
    "avg_odds": 23.633,
    "z": -1.6,
    "p": 0.10914
   },
   "2-3": {
    "n": 1815,
    "wr": 0.0419,
    "roi": 0.1367,
    "avg_odds": 37.204,
    "z": 0.88,
    "p": 0.38035
   },
   "2-4": {
    "n": 729,
    "wr": 0.0165,
    "roi": -0.167,
    "avg_odds": 58.602,
    "z": -0.66,
    "p": 0.51112
   },
   "3-0": {
    "n": 2426,
    "wr": 0.0837,
    "roi": 0.0648,
    "avg_odds": 20.969,
    "z": 0.64,
    "p": 0.52527
   },
   "3-1": {
    "n": 2510,
    "wr": 0.057,
    "roi": -0.2706,
    "avg_odds": 19.439,
    "z": -4.28,
    "p": 2e-05
   },
   "3-2": {
    "n": 2259,
    "wr": 0.0407,
    "roi": -0.1281,
    "avg_odds": 32.904,
    "z": -1.27,
    "p": 0.20276
   },
   "3-3": {
    "n": 977,
    "wr": 0.0174,
    "roi": -0.2178,
    "avg_odds": 55.666,
    "z": -1.06,
    "p": 0.28711
   },
   "4-0": {
    "n": 2063,
    "wr": 0.0582,
    "roi": 0.0045,
    "avg_odds": 27.798,
    "z": 0.04,
    "p": 0.97
   },
   "4-1": {
    "n": 2136,
    "wr": 0.0431,
    "roi": -0.1296,
    "avg_odds": 28.185,
    "z": -1.24,
    "p": 0.21574
   },
   "4-2": {
    "n": 1260,
    "wr": 0.0143,
    "roi": -0.4539,
    "avg_odds": 53.37,
    "z": -3.37,
    "p": 0.00074
   },
   "5-0": {
    "n": 1594,
    "wr": 0.0458,
    "roi": 0.0936,
    "avg_odds": 34.222,
    "z": 0.56,
    "p": 0.57801
   },
   "5-1": {
    "n": 1338,
    "wr": 0.0217,
    "roi": -0.1158,
    "avg_odds": 47.376,
    "z": -0.63,
    "p": 0.52994
   },
   "6-0": {
    "n": 900,
    "wr": 0.0233,
    "roi": -0.2757,
    "avg_odds": 44.527,
    "z": -1.54,
    "p": 0.12251
   }
  },
  "InstantLeague-8060": {
   "0-0": {
    "n": 1678,
    "wr": 0.2569,
    "roi": -0.0608,
    "avg_odds": 5.648,
    "z": -1.14,
    "p": 0.25621
   },
   "0-1": {
    "n": 1617,
    "wr": 0.1175,
    "roi": -0.0549,
    "avg_odds": 14.239,
    "z": -0.62,
    "p": 0.5367
   },
   "0-2": {
    "n": 1226,
    "wr": 0.0604,
    "roi": -0.1511,
    "avg_odds": 27.788,
    "z": -1.26,
    "p": 0.2089
   },
   "0-3": {
    "n": 686,
    "wr": 0.0452,
    "roi": -0.2622,
    "avg_odds": 38.767,
    "z": -1.37,
    "p": 0.16987
   },
   "0-4": {
    "n": 256,
    "wr": 0.0156,