{
  "survivorship": {
    "events_with_odds": 32891,
    "with_odds_no_result": 10254,
    "pct_missing": 31.18
  },
  "fresh_extraction": {
    "kept": 22247,
    "corrupt_excluded": 388,
    "guard": 0,
    "badodds": 2,
    "settle_mismatch_excluded": 0
  },
  "look_ahead": {
    "opening_snapshot_after_start": 14978,
    "pct": 67.326
  },
  "settlement": {
    "with_goals_json": 20222,
    "pct": 90.9,
    "note": "mismatch len(goals_json)!=sa+sb excluded by guard; count above"
  },
  "blanket_fresh": {
    "pooled-9": {
      "n": 22107,
      "wr": 0.32378884516216583,
      "roi": -0.07014701225856064,
      "odds": 4.381524856380332,
      "p": 6.302101063226928e-10
    },
    "8035": {
      "n": 7831,
      "wr": 0.36751372749329586,
      "roi": -0.037656748818797096,
      "odds": 2.7563874345549735,
      "p": 0.011243219380709268
    },
    "newleagues": {
      "n": 14276,
      "wr": 0.2998038666293079,
      "roi": -0.08796931913701317,
      "odds": 5.272982628187168,
      "p": 1.584686470934571e-08
    },
    "pooled-9_noLA": {
      "n": 7237,
      "wr": 0.33052369766477824,
      "roi": -0.05204090092579799,
      "odds": 4.0948873842752525,
      "p": 0.00546658394535493
    }
  },
  "bootstrap_pooled_over": {
    "roi": -0.07014701225856064,
    "ci95": [
      -0.0922985592798661,
      -0.047557131225403726
    ],
    "p_roi_pos": 0.0
  },
  "bootstrap_8035_over": {
    "roi": -0.037656748818797096,
    "ci95": [
      -0.0666291980589963,
      -0.008666613459328313
    ],
    "p_roi_pos": 0.0045
  },
  "subperiods": {
    "2026-05-B": {
      "n": 244,
      "wr": 0.3483606557377049,
      "roi": -0.0720081967213115,
      "odds": 2.7099590163934426,
      "p": 0.3944727593340742
    },
    "2026-06-A": {
      "n": 21863,
      "wr": 0.32351461373096096,
      "roi": -0.07012624068060193,
      "odds": 4.400180213145497,
      "p": 8.605536283567972e-10
    }
  },
  "walkforward_8035": {
    "train": {
      "n": 5481,
      "wr": 0.3672687465790914,
      "roi": -0.03608465608465609,
      "odds": 2.755013683634373,
      "p": 0.04269543946061205
    },
    "test": {
      "n": 2350,
      "wr": 0.3680851063829787,
      "roi": -0.041323404255319156,
      "odds": 2.7595914893617026,
      "p": 0.12513431711120804
    },
    "cut_date": "2026-06-11 23:21:56.000000"
  },
  "fresh_oos": {
    "n_events": 1048,
    "n": 1033,
    "wr": 0.3194578896418199,
    "roi": -0.09407550822846078,
    "odds": 4.834501452081318,
    "p": 0.04077166391085285,
    "per_league_counts": {
      "InstantLeague-8035": 140,
      "InstantLeague-8056": 180,
      "InstantLeague-8060": 120,
      "InstantLeague-8036": 100,
      "InstantLeague-8042": 72,
      "InstantLeague-8037": 100,
      "InstantLeague-8043": 72,
      "InstantLeague-8044": 72,
      "InstantLeague-8065": 192
    }
  },
  "alt_scan": {
    "n_segments": 94,
    "n_positive": 7,
    "n_positive_significant": 0,
    "top8": [
      {
        "seg": "impdec5_dom",
        "n": 382,
        "wr": 0.3900523560209424,
        "roi": 0.0699738219895288,
        "odds": 2.7396335078534038,
        "p": 0.3075491483887345
      },
      {
        "seg": "impdec8_dom",
        "n": 373,
        "wr": 0.4879356568364611,
        "roi": 0.03683646112600535,
        "odds": 2.1291689008042898,
        "p": 0.5039537304343098
      },
      {
        "seg": "lam[3.25-3.55)_dom",
        "n": 329,
        "wr": 0.5045592705167173,
        "roi": 0.028358662613981747,
        "odds": 2.034772036474164,
        "p": 0.614565020832351
      },
      {
        "seg": "impdec2_dom",
        "n": 1047,
        "wr": 0.26456542502387775,
        "roi": 0.0171251193887297,
        "odds": 3.8638968481375358,
        "p": 0.7444597055931277
      },
      {
        "seg": "impdec4_cup",
        "n": 809,
        "wr": 0.34239802224969096,
        "roi": 0.012175525339925821,
        "odds": 2.9610383189122373,
        "p": 0.8051994792202923
      },
      {
        "seg": "lam[2.65-2.95)_dom",
        "n": 781,
        "wr": 0.37772087067861715,
        "roi": 0.0049167733674775945,
        "odds": 2.657567221510883,
        "p": 0.915375920341351
      },
      {
        "seg": "impdec4_8035",
        "n": 962,
        "wr": 0.33783783783783783,
        "roi": 0.0045322245322245375,
        "odds": 2.97450103950104,
        "p": 0.9204622361921393
      },
      {
        "seg": "impdec4_all",
        "n": 2205,
        "wr": 0.33650793650793653,
        "roi": -0.0017142857142857116,
        "odds": 2.9683492063492065,
        "p": 0.9542383645777881
      }
    ]
  },
  "margin_recheck": {
    "mean_pct": 6.0,
    "std_pct": 0.166,
    "n": 21461
  }
}