{
 "n_per_league": {
  "InstantLeague-8065": 3504,
  "InstantLeague-8056": 2628,
  "InstantLeague-8060": 1678,
  "InstantLeague-8035": 7781
 },
 "scans": {
  "total_buts": {
   "InstantLeague-8065": {
    "0": {
     "n": 3504,
     "wr": 0.0488,
     "roi": -0.1535,
     "avg_odds": 18.789,
     "z": -2.35,
     "p": 0.01858
    },
    "1": {
     "n": 3504,
     "wr": 0.1296,
     "roi": -0.0159,
     "avg_odds": 7.741,
     "z": -0.36,
     "p": 0.71761
    },
    "2": {
     "n": 3504,
     "wr": 0.2098,
     "roi": -0.1298,
     "avg_odds": 4.172,
     "z": -4.52,
     "p": 1e-05
    },
    "3": {
     "n": 3504,
     "wr": 0.2583,
     "roi": -0.1033,
     "avg_odds": 3.472,
     "z": -4.02,
     "p": 6e-05
    },
    "4": {
     "n": 3504,
     "wr": 0.1938,
     "roi": -0.1434,
     "avg_odds": 4.445,
     "z": -4.83,
     "p": 0.0
    },
    "5": {
     "n": 3504,
     "wr": 0.1176,
     "roi": -0.1298,
     "avg_odds": 7.717,
     "z": -3.17,
     "p": 0.00155
    },
    "6": {
     "n": 3504,
     "wr": 0.0422,
     "roi": 0.0995,
     "avg_odds": 27.949,
     "z": 1.07,
     "p": 0.28239
    }
   },
   "InstantLeague-8056": {
    "0": {
     "n": 2585,
     "wr": 0.0627,
     "roi": -0.0781,
     "avg_odds": 26.641,
     "z": -0.8,
     "p": 0.42634
    },
    "1": {
     "n": 2628,
     "wr": 0.1027,
     "roi": -0.2094,
     "avg_odds": 10.64,
     "z": -3.84,
     "p": 0.00012
    },
    "2": {
     "n": 2628,
     "wr": 0.1925,
     "roi": -0.1041,
     "avg_odds": 5.102,
     "z": -2.77,
     "p": 0.00558
    },
    "3": {
     "n": 2628,
     "wr": 0.2454,
     "roi": -0.065,
     "avg_odds": 3.98,
     "z": -1.99,
     "p": 0.04658
    },
    "4": {
     "n": 2624,
     "wr": 0.1928,
     "roi": -0.144,
     "avg_odds": 5.432,
     "z": -3.89,
     "p": 0.0001
    },
    "5": {
     "n": 2596,
     "wr": 0.1533,
     "roi": -0.0392,
     "avg_odds": 9.655,
     "z": -0.69,
     "p": 0.49328
    },
    "6": {
     "n": 2374,
     "wr": 0.059,
     "roi": -0.0907,
     "avg_odds": 23.468,
     "z": -0.93,
     "p": 0.35386
    }
   },
   "InstantLeague-8060": {
    "0": {
     "n": 1678,
     "wr": 0.2569,
     "roi": -0.0608,
     "avg_odds": 5.648,
     "z": -1.14,
     "p": 0.25621
    },
    "1": {
     "n": 1678,
     "wr": 0.2729,
     "roi": -0.0425,
     "avg_odds": 3.967,
     "z": -1.02,
     "p": 0.30686
    },
    "2": {
     "n": 1678,
     "wr": 0.2068,
     "roi": -0.1699,
     "avg_odds": 4.304,
     "z": -4.1,
     "p": 4e-05
    },
    "3": {
     "n": 1676,
     "wr": 0.1539,
     "roi": -0.0888,
     "avg_odds": 9.02,
     "z": -1.43,
     "p": 0.15205
    },
    "4": {
     "n": 1548,
     "wr": 0.0782,
     "roi": -0.2568,
     "avg_odds": 22.074,
     "z": -2.83,
     "p": 0.00467
    },
    "5": {
     "n": 1104,
     "wr": 0.0399,
     "roi": -0.4082,
     "avg_odds": 35.192,
     "z": -3.25,
     "p": 0.00116
    },
    "6": {
     "n": 417,
     "wr": 0.0288,
     "roi": -0.1458,
     "avg_odds": 45.529,
     "z": -0.48,
     "p": 0.6334
    }
   },
   "InstantLeague-8035": {
    "0": {
     "n": 7781,
     "wr": 0.0413,
     "roi": -0.3152,
     "avg_odds": 19.374,
     "z": -7.78,
     "p": 0.0
    },
    "1": {
     "n": 7781,
     "wr": 0.1203,
     "roi": -0.0866,
     "avg_odds": 7.998,
     "z": -2.96,
     "p": 0.00305
    },
    "2": {
     "n": 7781,
     "wr": 0.2061,
     "roi": -0.1379,
     "avg_odds": 4.276,
     "z": -7.1,
     "p": 0.0
    },
    "3": {
     "n": 7781,
     "wr": 0.265,
     "roi": -0.0669,
     "avg_odds": 3.527,
     "z": -3.8,
     "p": 0.00015
    },
    "4": {
     "n": 7781,
     "wr": 0.207,
     "roi": -0.0764,
     "avg_odds": 4.553,
     "z": -3.68,
     "p": 0.00023
    },
    "5": {
     "n": 7781,
     "wr": 0.1204,
     "roi": -0.1178,
     "avg_odds": 7.994,
     "z": -4.14,
     "p": 4e-05
    },
    "6": {
     "n": 7762,
     "wr": 0.0399,
     "roi": -0.0784,
     "avg_odds": 29.395,
     "z": -1.37,
     "p": 0.17217
    }
   }
  },
  "ou35": {
   "InstantLeague-8065": {
    "< 3.5": {
     "n": 3504,
     "wr": 0.6464,
     "roi": -0.0492,
     "avg_odds": 1.478,
     "z": -4.1,
     "p": 4e-05
    },
    "> 3.5": {
     "n": 3504,
     "wr": 0.3536,
     "roi": -0.0652,
     "avg_odds": 2.694,
     "z": -3.01,
     "p": 0.00265
    }
   },
   "InstantLeague-8056": {
    "< 3.5": {
     "n": 2628,
     "wr": 0.6027,
     "roi": -0.0531,
     "avg_odds": 1.692,
     "z": -3.25,
     "p": 0.00115
    },
    "> 3.5": {
     "n": 2624,
     "wr": 0.3979,
     "roi": -0.0716,
     "avg_odds": 3.401,
     "z": -2.6,
     "p": 0.0093
    }
   },
   "InstantLeague-8060": {
    "< 3.5": {
     "n": 1678,
     "wr": 0.8903,
     "roi": -0.0455,
     "avg_odds": 1.097,
     "z": -5.03,
     "p": 0.0
    },
    "> 3.5": {
     "n": 1549,
     "wr": 0.1181,
     "roi": -0.2208,
     "avg_odds": 18.614,
     "z": -2.46,
     "p": 0.01391
    }
   },
   "InstantLeague-8035": {
    "< 3.5": {
     "n": 7781,
     "wr": 0.6327,
     "roi": -0.0658,
     "avg_odds": 1.5,
     "z": -7.98,
     "p": 0.0
    },
    "> 3.5": {
     "n": 7781,
     "wr": 0.3673,
     "roi": -0.0381,
     "avg_odds": 2.756,
     "z": -2.56,
     "p": 0.0106
    }
   }
  },
  "btts": {
   "InstantLeague-8065": {
    "Oui": {
     "n": 3504,
     "wr": 0.5919,
     "roi": -0.0707,
     "avg_odds": 1.581,
     "z": -5.38,
     "p": 0.0
    },
    "Non": {
     "n": 3504,
     "wr": 0.4081,
     "roi": -0.0365,
     "avg_odds": 2.391,
     "z": -1.84,
     "p": 0.06565
    }
   },
   "InstantLeague-8056": {
    "Oui": {
     "n": 2628,
     "wr": 0.5255,
     "roi": -0.0404,
     "avg_odds": 2.141,
     "z": -1.96,
     "p": 0.04964
    },
    "Non": {
     "n": 2628,
     "wr": 0.4745,
     "roi": -0.0564,
     "avg_odds": 2.223,
     "z": -2.6,
     "p": 0.00936
    }
   },
   "InstantLeague-8060": {
    "Oui": {
     "n": 1678,
     "wr": 0.2318,
     "roi": -0.0749,
     "avg_odds": 5.355,
     "z": -1.5,
     "p": 0.13317
    },
    "Non": {
     "n": 1678,
     "wr": 0.7682,
     "roi": -0.0466,
     "avg_odds": 1.276,
     "z": -3.44,
     "p": 0.00059
    }
   },
   "InstantLeague-8035": {
    "Oui": {
     "n": 7781,
     "wr": 0.5833,
     "roi": -0.0349,
     "avg_odds": 1.679,
     "z": -3.71,
     "p": 0.00021
    },
    "Non": {
     "n": 7781,
     "wr": 0.4167,
     "roi": -0.0852,
     "avg_odds": 2.248,
     "z": -6.8,
     "p": 0.0
    }
   }
  },
  "fav_1x2": {
   "InstantLeague-8065": {
    "[1.1-1.2)": {
     "n": 13,
     "wr": 0.7692,
     "roi": -0.1085,
     "avg_odds": 1.163,
     "z": -0.77,
     "p": 0.44188
    },
    "[1.2-1.35)": {
     "n": 134,
     "wr": 0.709,
     "roi": -0.0869,
     "avg_odds": 1.286,
     "z": -1.71,
     "p": 0.08704
    },
    "[1.35-1.5)": {
     "n": 312,
     "wr": 0.6827,
     "roi": -0.0274,
     "avg_odds": 1.426,
     "z": -0.73,
     "p": 0.46618
    },
    "[1.5-1.7)": {
     "n": 529,
     "wr": 0.5709,
     "roi": -0.0838,
     "avg_odds": 1.605,
     "z": -2.42,
     "p": 0.01545
    },
    "[1.7-2.0)": {
     "n": 991,
     "wr": 0.4965,
     "roi": -0.0888,
     "avg_odds": 1.844,
     "z": -3.04,
     "p": 0.00238
    },
    "[2.0-2.5)": {
     "n": 1416,
     "wr": 0.4364,
     "roi": -0.03,
     "avg_odds": 2.23,
     "z": -1.02,
     "p": 0.30704
    }
   },
   "InstantLeague-8056": {
    "[1.0-1.1)": {
     "n": 152,
     "wr": 0.8816,
     "roi": -0.0588,
     "avg_odds": 1.068,
     "z": -2.09,
     "p": 0.03656
    },
    "[1.1-1.2)": {
     "n": 293,
     "wr": 0.8055,