{
 "repro_pkl": {
  "per_league": {
   "InstantLeague-8035": {
    "n_pairs": 399,
    "corr": 0.0196375989709091,
    "p": 0.684031596840316
   },
   "InstantLeague-8036": {
    "n_pairs": 120,
    "corr": 0.2830492750553639,
    "p": 0.0018998100189981002
   },
   "InstantLeague-8037": {
    "n_pairs": 121,
    "corr": -0.10264206666549557,
    "p": 0.2626737326267373
   },
   "InstantLeague-8042": {
    "n_pairs": 112,
    "corr": 0.18670315463088186,
    "p": 0.044995500449955005
   },
   "InstantLeague-8043": {
    "n_pairs": 113,
    "corr": -0.17603943863610022,
    "p": 0.06009399060093991
   },
   "InstantLeague-8044": {
    "n_pairs": 110,
    "corr": 0.1481139030395752,
    "p": 0.12168783121687832
   },
   "InstantLeague-8056": {
    "n_pairs": 131,
    "corr": 0.1207303046103023,
    "p": 0.17398260173982602
   },
   "InstantLeague-8060": {
    "n_pairs": 124,
    "corr": 0.10008902790127581,
    "p": 0.27147285271472854
   },
   "InstantLeague-8065": {
    "n_pairs": 132,
    "corr": -0.031205737906710582,
    "p": 0.7227277272272773
   }
  },
  "combined": {
   "r": 0.05262001582416309,
   "z": 1.924389255273517,
   "p": 0.05430581024079517,
   "Q": 20.59230690302819,
   "p_het": 0.008313013445205075
  },
  "n_total": 1362
 },
 "artifact_8036": {
  "n_pairs": 120,
  "gap_min": 120.0,
  "gap_med": 360.0,
  "gap_max": 540.0,
  "pairs_with_team_overlap": 1,
  "pairs_same_round_info": 0,
  "ests_with_mixed_round_info": 0
 },
 "updated_full": {
  "per_league": {
   "InstantLeague-8035": {
    "n_pairs": 421,
    "corr": 0.021695045700510427,
    "p": 0.6591340865913409
   },
   "InstantLeague-8036": {
    "n_pairs": 134,
    "corr": 0.2667410184060994,
    "p": 0.0014998500149985001
   },
   "InstantLeague-8037": {
    "n_pairs": 135,
    "corr": -0.07461305100081465,
    "p": 0.394960503949605
   },
   "InstantLeague-8042": {
    "n_pairs": 125,
    "corr": 0.19708210062196882,
    "p": 0.029397060293970604
   },
   "InstantLeague-8043": {
    "n_pairs": 127,
    "corr": -0.1527699915225355,
    "p": 0.08819118088191182
   },
   "InstantLeague-8044": {
    "n_pairs": 124,
    "corr": 0.10539889342441358,
    "p": 0.23947605239476052
   },
   "InstantLeague-8056": {
    "n_pairs": 149,
    "corr": 0.12656769925436112,
    "p": 0.11638836116388361
   },
   "InstantLeague-8060": {
    "n_pairs": 138,
    "corr": 0.07412759038782792,
    "p": 0.3855614438556144
   },
   "InstantLeague-8065": {
    "n_pairs": 147,
    "corr": -0.017788506858163272,
    "p": 0.8276172382761724
   }
  },
  "combined": {
   "r": 0.05366512454643629,
   "z": 2.061631071958399,
   "p": 0.0392428734636574,
   "Q": 18.785986358309614,
   "p_het": 0.01604705766085035
  },
  "n_total": 1500
 },
 "oos_per_league": {
  "InstantLeague-8035": {
   "n_pairs": 21,
   "corr": -0.1369906128072146,
   "p": 0.5529447055294471
  },
  "InstantLeague-8036": {
   "n_pairs": 13,
   "corr": 0.009604871190569447,
   "p": 0.9738026197380262
  },
  "InstantLeague-8037": {
   "n_pairs": 13,
   "corr": 0.2626027614047786,
   "p": 0.37746225377462256
  },
  "InstantLeague-8042": {
   "n_pairs": 13,
   "corr": 0.30293469464218187,
   "p": 0.30916908309169083
  },
  "InstantLeague-8043": {
   "n_pairs": 13,
   "corr": -0.1072120488535363,
   "p": 0.7279272072792721
  },
  "InstantLeague-8044": {
   "n_pairs": 13,
   "corr": -0.12042788525618248,
   "p": 0.6947305269473053
  },
  "InstantLeague-8056": {
   "n_pairs": 17,
   "corr": 0.13335705105913884,
   "p": 0.6134386561343865
  },
  "InstantLeague-8060": {
   "n_pairs": 14,
   "corr": -0.3596129154769684,
   "p": 0.20767923207679231
  },
  "InstantLeague-8065": {
   "n_pairs": 14,
   "corr": 0.19665005856292858,
   "p": 0.5078492150784921
  }
 },
 "oos_combined": {
  "r": 0.010324045691539089,
  "z": 0.10528876175358483,
  "p": 0.9161466802302096,
  "Q": 4.5428381690439625,
  "p_het": 0.8051321385801932
 }
}