{
 "grid_identity": {
  "InstantLeague-8065": {
   "n_used": 3552,
   "gap_k0_mean": -0.0123,
   "gap_k0_mae": 0.0123,
   "gap_k1_mean": -0.0527,
   "gap_k1_mae": 0.0527,
   "gap_k2_mean": -0.0209,
   "gap_k2_mae": 0.0209,
   "gap_k3_mean": 0.0376,
   "gap_k3_mae": 0.0376,
   "gap_k4_mean": 0.0484,
   "gap_k4_mae": 0.0484,
   "gap_k5_mean": 0.0327,
   "gap_k5_mae": 0.0327
  },
  "InstantLeague-8056": {
   "n_used": 2642,
   "gap_k0_mean": -0.0077,
   "gap_k0_mae": 0.0105,
   "gap_k1_mean": -0.0402,
   "gap_k1_mae": 0.0412,
   "gap_k2_mean": -0.0111,
   "gap_k2_mae": 0.0177,
   "gap_k3_mean": 0.0398,
   "gap_k3_mae": 0.0398,
   "gap_k4_mean": 0.0458,
   "gap_k4_mae": 0.046,
   "gap_k5_mean": 0.0415,
   "gap_k5_mae": 0.0415
  },
  "InstantLeague-8060": {
   "n_used": 1570,
   "gap_k0_mean": -0.0244,
   "gap_k0_mae": 0.0251,
   "gap_k1_mean": -0.0604,
   "gap_k1_mae": 0.0604,
   "gap_k2_mean": 0.0086,
   "gap_k2_mae": 0.0207,
   "gap_k3_mean": 0.0384,
   "gap_k3_mae": 0.0384,
   "gap_k4_mean": 0.0235,
   "gap_k4_mae": 0.0235,
   "gap_k5_mean": 0.0167,
   "gap_k5_mae": 0.0167
  },
  "InstantLeague-8035": {
   "n_used": 2597,
   "gap_k0_mean": -0.0113,
   "gap_k0_mae": 0.0116,
   "gap_k1_mean": -0.0509,
   "gap_k1_mae": 0.0509,
   "gap_k2_mean": -0.0195,
   "gap_k2_mae": 0.0195,
   "gap_k3_mean": 0.0376,
   "gap_k3_mae": 0.0376,
   "gap_k4_mean": 0.0469,
   "gap_k4_mae": 0.0469,
   "gap_k5_mean": 0.0335,
   "gap_k5_mae": 0.0335
  }
 },
 "ht_1x2": {
  "InstantLeague-8065": {
   "1": {
    "n": 3552,
    "wr": 0.2815,
    "roi": -0.0801,
    "avg_odds": 3.713,
    "z": -2.98,
    "p": 0.00288
   },
   "X": {
    "n": 3552,
    "wr": 0.4212,
    "roi": -0.0908,
    "avg_odds": 2.172,
    "z": -5.06,
    "p": 0.0
   },
   "2": {
    "n": 3552,
    "wr": 0.2973,
    "roi": -0.0297,
    "avg_odds": 3.698,
    "z": -1.08,
    "p": 0.27796
   }
  },
  "InstantLeague-8056": {
   "1": {
    "n": 2646,
    "wr": 0.3855,
    "roi": -0.1214,
    "avg_odds": 3.035,
    "z": -4.68,
    "p": 0.0
   },
   "X": {
    "n": 2646,
    "wr": 0.404,
    "roi": -0.0414,
    "avg_odds": 2.49,
    "z": -1.75,
    "p": 0.08032
   },
   "2": {
    "n": 2646,
    "wr": 0.2105,
    "roi": -0.011,
    "avg_odds": 8.253,
    "z": -0.19,
    "p": 0.84632
   }
  },
  "InstantLeague-8060": {
   "1": {
    "n": 1702,
    "wr": 0.262,
    "roi": -0.1174,
    "avg_odds": 6.319,
    "z": -2.54,
    "p": 0.01108
   },
   "X": {
    "n": 1702,
    "wr": 0.5875,
    "roi": -0.08,
    "avg_odds": 1.685,
    "z": -3.93,
    "p": 9e-05
   },
   "2": {
    "n": 1680,
    "wr": 0.1524,
    "roi": -0.024,
    "avg_odds": 12.196,
    "z": -0.29,
    "p": 0.76955
   }
  },
  "InstantLeague-8035": {
   "1": {
    "n": 7454,
    "wr": 0.3556,
    "roi": -0.036,
    "avg_odds": 3.267,
    "z": -2.01,
    "p": 0.04495
   },
   "X": {
    "n": 7454,
    "wr": 0.4148,
    "roi": -0.0856,
    "avg_odds": 2.237,
    "z": -6.72,
    "p": 0.0
   },
   "2": {
    "n": 7454,
    "wr": 0.2295,
    "roi": -0.0835,
    "avg_odds": 4.958,
    "z": -3.74,
    "p": 0.00018
   }
  }
 },
 "htft_xx": {
  "InstantLeague-8065": {
   "n": 3552,
   "wr": 0.1537,
   "roi": -0.1261,
   "avg_odds": 5.876,
   "z": -3.62,
   "p": 0.0003
  },
  "InstantLeague-8056": {
   "n": 2646,
   "wr": 0.144,
   "roi": -0.0775,
   "avg_odds": 8.011,
   "z": -1.57,
   "p": 0.11533
  },
  "InstantLeague-8060": {
   "n": 1702,
   "wr": 0.322,
   "roi": -0.0805,
   "avg_odds": 3.789,
   "z": -1.91,
   "p": 0.05668
  },
  "InstantLeague-8035": {
   "n": 7454,
   "wr": 0.1379,
   "roi": -0.1927,
   "avg_odds": 6.307,
   "z": -7.97,
   "p": 0.0
  }
 },
 "away_8056": {
  "[1.3-1.8)": {
   "n": 250,
   "wr": 0.628,
   "roi": -0.0475,
   "avg_odds": 1.531,
   "z": -1.01,
   "p": 0.31131
  },
  "[1.8-2.5)": {
   "n": 334,
   "wr": 0.4251,
   "roi": -0.102,
   "avg_odds": 2.142,
   "z": -1.77,
   "p": 0.0769
  },
  "[2.5-4.0)": {
   "n": 557,
   "wr": 0.3196,
   "roi": -0.0208,
   "avg_odds": 3.155,
   "z": -0.34,
   "p": 0.7344
  },
  "[4.0-8.0)": {
   "n": 593,
   "wr": 0.1889,
   "roi": 0.0129,
   "avg_odds": 5.662,
   "z": 0.15,
   "p": 0.8841
  },
  "[8.0-30.0)": {
   "n": 693,
   "wr": 0.0851,
   "roi": 0.0645,
   "avg_odds": 14.57,
   "z": 0.45,
   "p": 0.6563
  }
 },
 "ftts_fav": {
  "InstantLeague-8065": {
   "fav<=1.5": {
    "n": 488,
    "wr": 0.7254,
    "roi": 0.0245,
    "avg_odds": 1.418,
    "z": 0.85,
    "p": 0.39278
   },
   "fav<=1.8": {
    "n": 1382,
    "wr": 0.6556,
    "roi": -0.0111,
    "avg_odds": 1.518,
    "z": -0.57,
    "p": 0.56625
   }
  },
  "InstantLeague-8056": {
   "fav<=1.5": {
    "n": 1265,
    "wr": 0.7676,
    "roi": 0.0016,
    "avg_odds": 1.314,
    "z": 0.1,
    "p": 0.91707
   },
   "fav<=1.8": {
    "n": 1773,
    "wr": 0.7327,
    "roi": 0.0046,
    "avg_odds": 1.387,
    "z": 0.31,
    "p": 0.75583
   }
  },
  "InstantLeague-8060": {
   "fav<=1.5": {
    "n": 491,
    "wr": 0.776,
    "roi": -0.0329,
    "avg_odds": 1.257,
    "z": -1.37,
    "p": 0.1721
   },
   "fav<=1.8": {
    "n": 690,
    "wr": 0.7116,
    "roi": -0.0613,
    "avg_odds": 1.347,
    "z": -2.6,
    "p": 0.00921
   }
  },
  "InstantLeague-8035": {
   "fav<=1.5": {
    "n": 2186,
    "wr": 0.7704,
    "roi": 0.0614,
    "avg_odds": 1.382,
    "z": 4.92,
    "p": 0.0
   },
   "fav<=1.8": {
    "n": 4185,
    "wr": 0.7035,
    "roi": 0.0254,
    "avg_odds": 1.47,
    "z": 2.44,
    "p": 0.01469
   }
  }
 },
 "n_tests_scanned_script5": 29
}