{
  "dup_results_events": 0,
  "n_8035_events": 7941,
  "n_corrupt_excluded": 388,
  "n_dupe_rows": 0,
  "opening_snapshot_after_kickoff": 4063,
  "totx_key_counts": {
    "0": 7941,
    "1": 7941,
    "2": 7941,
    "3": 7941,
    "4": 7941,
    "5": 7941,
    "6": 7941
  },
  "totx_margin_mean": 1.1199996469204943,
  "totx_implied_by_key": {
    "0": 0.0592,
    "1": 0.1343,
    "2": 0.2387,
    "3": 0.2837,
    "4": 0.2243,
    "5": 0.1372,
    "6": 0.0427
  },
  "real_total_freq": {
    "0": 0.0416,
    "1": 0.1211,
    "2": 0.206,
    "3": 0.2633,
    "4": 0.2073,
    "5": 0.1205,
    "6": 0.0402,
    "7": 0.0
  },
  "full_8035": {
    "n": 7941,
    "wr": 0.1211,
    "roi_pct": -8.16,
    "odds": 7.997,
    "p": 0.00485
  },
  "decomp": {
    "naive_roi_pct": -3.12,
    "avg_odds_all": 7.997,
    "avg_odds_won": 7.581
  },
  "alt_splits": {
    "test_last_50pct": {
      "n": 3971,
      "wr": 0.1254,
      "roi_pct": -4.28,
      "odds": 7.984,
      "p": 0.30687
    },
    "test_last_40pct": {
      "n": 3177,
      "wr": 0.1228,
      "roi_pct": -6.13,
      "odds": 7.986,
      "p": 0.1884
    },
    "test_last_19pct": {
      "n": 1589,
      "wr": 0.1139,
      "roi_pct": -12.71,
      "odds": 8.005,
      "p": 0.04785
    }
  },
  "quartiles": {
    "Q1": {
      "n": 1985,
      "wr": 0.1184,
      "roi_pct": -10.29,
      "odds": 7.985,
      "p": 0.07141
    },
    "Q2": {
      "n": 1985,
      "wr": 0.1154,
      "roi_pct": -13.79,
      "odds": 8.036,
      "p": 0.01394
    },
    "Q3": {
      "n": 1985,
      "wr": 0.1335,
      "roi_pct": 0.88,
      "odds": 7.97,
      "p": 0.88269
    },
    "Q4": {
      "n": 1986,
      "wr": 0.1173,
      "roi_pct": -9.44,
      "odds": 7.998,
      "p": 0.10738
    }
  },
  "odds_buckets": {
    "[1,6)": {
      "n": 1530,
      "wr": 0.1621,
      "roi_pct": -14.23,
      "odds": 5.362,
      "p": 0.00453
    },
    "[6,7)": {
      "n": 1585,
      "wr": 0.1281,
      "roi_pct": -17.16,
      "odds": 6.489,
      "p": 0.0016
    },
    "[7,8)": {
      "n": 1271,
      "wr": 0.1235,
      "roi_pct": -7.83,
      "odds": 7.469,
      "p": 0.25589
    },
    "[8,9)": {
      "n": 1235,
      "wr": 0.1093,
      "roi_pct": -7.46,
      "odds": 8.473,
      "p": 0.3215
    },
    "[9,10)": {
      "n": 813,
      "wr": 0.0861,
      "roi_pct": -18.84,
      "odds": 9.472,
      "p": 0.04239
    },
    "[10,100)": {
      "n": 1507,
      "wr": 0.0989,
      "roi_pct": 12.38,
      "odds": 11.518,
      "p": 0.15892
    }
  },
  "bootstrap": {
    "roi_pct": -8.16,
    "ci2_5": -13.89,
    "ci97_5": -2.44,
    "p_roi_pos": 0.0034
  },
  "rolling_1758": {
    "n_windows": 6184,
    "max_roi_pct": 5.31,
    "min_roi_pct": -16.4,
    "pct_windows_ge_3_5": 1.16,
    "pct_windows_ge_0": 16.75
  },
  "pooled9": {
    "n": 22891,
    "wr": 0.1433,
    "roi_pct": -9.63,
    "odds": 7.462,
    "p": 0.0
  },
  "per_league": {
    "InstantLeague-8035": {
      "n": 7941,
      "wr": 0.1211,
      "roi_pct": -8.16,
      "odds": 7.997,
      "p": 0.00485
    },
    "InstantLeague-8036": {
      "n": 1450,
      "wr": 0.1834,
      "roi_pct": -14.47,
      "odds": 4.925,
      "p": 0.003
    },
    "InstantLeague-8037": {
      "n": 1470,
      "wr": 0.1782,
      "roi_pct": -19.03,
      "odds": 5.016,
      "p": 6e-05
    },
    "InstantLeague-8042": {
      "n": 1251,
      "wr": 0.1303,
      "roi_pct": -17.06,
      "odds": 6.803,
      "p": 0.00673
    },
    "InstantLeague-8043": {
      "n": 1251,
      "wr": 0.1055,
      "roi_pct": -8.7,
      "odds": 9.712,
      "p": 0.28014
    },
    "InstantLeague-8044": {
      "n": 1242,
      "wr": 0.1924,
      "roi_pct": -5.52,
      "odds": 5.349,
      "p": 0.33541
    },
    "InstantLeague-8056": {
      "n": 2790,
      "wr": 0.1032,
      "roi_pct": -19.98,
      "odds": 10.635,
      "p": 0.00017
    },
    "InstantLeague-8060": {
      "n": 1800,
      "wr": 0.27,
      "roi_pct": -5.1,
      "odds": 3.995,
      "p": 0.20251
    },
    "InstantLeague-8065": {
      "n": 3696,
      "wr": 0.1307,
      "roi_pct": -0.76,
      "odds": 7.744,
      "p": 0.85995
    }
  }
}