{
 "pooled_lgcentered": {
  "pooled-newleagues": {
   "fav_win": {
    "rho": -0.0003307536533111973,
    "z": 0.050401360698057465,
    "p": 0.9616038396160383,
    "n_matches": 13674,
    "n_rounds": 1067
   },
   "draw": {
    "rho": -0.00017041362174479317,
    "z": 0.10153173448274826,
    "p": 0.9183081691830817,
    "n_matches": 13674,
    "n_rounds": 1067
   },
   "home_win": {
    "rho": -0.005843513317758488,
    "z": -1.6633912875545858,
    "p": 0.0968903109689031,
    "n_matches": 13674,
    "n_rounds": 1067
   },
   "goals": {
    "rho": 0.0009094126324791133,
    "z": 0.42982650745145673,
    "p": 0.668033196680332,
    "n_matches": 13674,
    "n_rounds": 1067
   }
  },
  "pooled-9": {
   "fav_win": {
    "rho": -1.2876325476902615e-05,
    "z": 0.13709136794056198,
    "p": 0.8927107289271073,
    "n_matches": 20890,
    "n_rounds": 2361
   },
   "draw": {
    "rho": 0.0004880411243265337,
    "z": 0.32026069958863157,
    "p": 0.7454254574542546,
    "n_matches": 20890,
    "n_rounds": 2361
   },
   "home_win": {
    "rho": -0.00550482292724713,
    "z": -1.7155026296133982,
    "p": 0.08509149085091491,
    "n_matches": 20890,
    "n_rounds": 2361
   },
   "goals": {
    "rho": 0.0003832400808730837,
    "z": 0.2656840107421212,
    "p": 0.7895210478952105,
    "n_matches": 20890,
    "n_rounds": 2361
   }
  }
 },
 "goal_bias_per_league": {
  "InstantLeague-8035": {
   "bias": 0.16372372251616238,
   "n": 7531
  },
  "InstantLeague-8036": {
   "bias": 0.26803495269362293,
   "n": 1320
  },
  "InstantLeague-8037": {
   "bias": 0.2951477130564154,
   "n": 1340
  },
  "InstantLeague-8042": {
   "bias": 0.1773494346546581,
   "n": 1143
  },
  "InstantLeague-8043": {
   "bias": 0.020689464100715493,
   "n": 1152
  },
  "InstantLeague-8044": {
   "bias": 0.1387817338608302,
   "n": 1143
  },
  "InstantLeague-8056": {
   "bias": -0.06120579838070656,
   "n": 2538
  },
  "InstantLeague-8060": {
   "bias": 0.14527161378218242,
   "n": 1630
  },
  "InstantLeague-8065": {
   "bias": 0.13344929223584084,
   "n": 3408
  }
 },
 "dist_complete_rounds": {
  "InstantLeague-8035": {
   "fav_win": {
    "n_rounds": 299,
    "obs": [
     0.0,
     2.0,
     5.0,
     17.0,
     40.0,
     73.0,
     78.0,
     48.0,
     26.0,
     10.0,
     0.0
    ],
    "exp": [
     0.07510653512011771,
     0.9938540622164703,
     5.85252327922759,
     20.217605835222614,
     45.411689003590745,
     69.35089237254779,
     72.96776721967771,
     52.249401507622586,
     24.37317565587565,
     6.688246141227048,
     0.819738387671626
    ],
    "chi": 5.827697737466448,
    "mc_mean": 9.877136869621125,
    "p": 0.77124575084983
   },
   "draw": {
    "n_rounds": 299,
    "obs": [
     27.0,
     84.0,
     73.0,
     71.0,
     33.0,
     9.0,
     1.0,
     1.0,
     0.0,
     0.0,
     0.0
    ],
    "exp": [
     22.93264138498565,
     67.33359145238734,
     88.71466736447661,
     69.06970169929393,
     35.18977014825277,
     12.258778491258747,
     2.957072024760566,
     0.4876975973856138,
     0.05262850327389352,
     0.0033553627942127266,
     9.5971130629766e-05
    ],
    "chi": 10.576283490608748,
    "mc_mean": 8.89377493875327,
    "p": 0.2011597680463907
   }
  },
  "InstantLeague-8036": {
   "fav_win": {
    "n_rounds": 132,
    "obs": [
     0.0,
     0.0,
     7.0,
     15.0,
     33.0,
     35.0,
     21.0,
     13.0,
     7.0,
     1.0,
     0.0
    ],
    "exp": [
     0.09760967018231032,
     1.0382938938907271,
     4.957472570102433,
     13.986690328279327,
     25.812659472181284,
     32.54960196015425,
     28.39422601449482,
     16.914865002639345,
     6.582957260169454,
     1.5105487698282998,
     0.15507505807776412
    ],
    "chi": 7.422273838403346,
    "mc_mean": 9.881580379407346,
    "p": 0.6110777844431113
   },
   "draw": {
    "n_rounds": 132,
    "obs": [
     3.0,
     13.0,
     34.0,
     38.0,
     24.0,
     18.0,
     1.0,
     1.0,
     0.0,
     0.0,
     0.0
    ],
    "exp": [
     4.9470049105330105,
     19.297815383120994,
     33.78429706016415,
     34.95237079283923,
     23.663614791376023,
     10.954205314931109,
     3.5111824274749632,
     0.7694705822381479,
     0.11033559831194478,
     0.009347806101013002,
     0.0003553329094052264
    ],
    "chi": 9.610442302973652,
    "mc_mean": 10.109800482629947,
    "p": 0.2881423715256949
   }
  },
  "InstantLeague-8037": {
   "fav_win": {
    "n_rounds": 134,
    "obs": [
     0.0,
     0.0,
     4.0,
     21.0,
     23.0,
     21.0,
     32.0,
     22.0,
     8.0,
     1.0,
     2.0
    ],
    "exp": [
     0.08298516136758836,
     0.9277867255276638,
     4.626207315270583,
     13.531462646134194,
     25.707898274831667,
     33.162082826717224,
     29.434185772818235,
     17.763825251456353,
     6.981699269834251,
     1.6148424329624202,
     0.1670243230798373
    ],
    "chi": 31.695471646770137,
    "mc_mean": 9.922797051048088,
    "p": 0.007398520295940812
   },
   "draw": {
    "n_rounds": 134,
    "obs": [
     5.0,
     15.0,
     39.0,
     33.0,
     25.0,
     12.0,
     4.0,
     1.0,
     0.0,
     0.0,
     0.0
    ],
    "exp": [
     4.977155861162592,
     19.53349785659528,
     34.32663578448418,
     35.567418552558195,
     24.06172237874454,
     11.104518483284801,
     3.540324595558799,
     0.7699280004408736,
     0.10930725550690787,
     0.009148431832893223,
     0.0003427998309079545
    ],
    "chi": 2.2298892365063905,
    "mc_mean": 10.193909102552453,
    "p": 0.9602079584083183
   }
  },
  "InstantLeague-8042": {
   "fav_win": {
    "n_rounds": 127,
    "obs": [
     0.0,
     1.0,
     9.0,
     16.0,
     32.0,
     35.0,
     22.0,
     9.0,
     3.0,
     0.0
    ],
    "exp": [
     0.13577638123491234,
     1.4155094819350091,
     6.492285850431991,
     17.2293138068433,
     29.197912043496014,
     32.80084326263254,
     24.443997698867996,
     11.658137997911949,
     3.230031059703215,
     0.3961924169430326
    ],
    "chi": 2.993453409540208,
    "mc_mean": 8.934919775995644,
    "p": 0.9548090381923615
   },
   "draw": {
    "n_rounds": 127,
    "obs": [
     13.0,
     26.0,
     36.0,
     22.0,
     19.0,
     9.0,
     2.0,
     0.0,
     0.0,
     0.0
    ],
    "exp": [
     10.064381453926647,
     29.55366984531512,
     38.4627101136371,
     29.11611782343134,
     14.126794120049704,
     4.555228733786051,
     0.9760452805038299,
     0.13398482038415166,
     0.010690182674226762,
     0.00037762629183078213
    ],
    "chi": 10.417810313326008,
    "mc_mean": 8.54956592345301,
    "p": 0.1829634073185363
   }
  },
  "InstantLeague-8043": {
   "fav_win": {
    "n_rounds": 128,
    "obs": [
     0.0,
     4.0,
     5.0,
     11.0,
     29.0,
     32.0,
     27.0,
     14.0,
     6.0,
     0.0
    ],
    "exp": [
     0.09208616214174334,
     1.0543698314082892,
     5.2835494585747576,
     15.233835376236335,
     27.884704563508343,
     33.63908031886991,
     26.770023837783697,
     13.56121813387115,
     3.9696170109822,
     0.5115153066235985
    ],
    "chi": 11.203958040529061,
    "mc_mean": 8.984664271590878,
    "p": 0.2631473705258948
   },
   "draw": {
    "n_rounds": 128,
    "obs": [
     17.0,
     34.0,
     45.0,
     23.0,
     5.0,
     2.0,
     2.0,
     0.0,
     0.0,
     0.0
    ],