{
 "InstantLeague-8036": {
  "1": {
   "n": 120,
   "corr_fav": 0.2830492750553639,
   "corr_goals": -0.003637099422281023
  },
  "2": {
   "n": 118,
   "corr_fav": 0.05335896231284146,
   "corr_goals": -0.031240242882527688
  },
  "3": {
   "n": 122,
   "corr_fav": 0.15613746745752569,
   "corr_goals": -0.058813535346859167
  },
  "4": {
   "n": 121,
   "corr_fav": -0.0070105540434308115,
   "corr_goals": -0.07225550020688173
  },
  "5": {
   "n": 119,
   "corr_fav": 0.020680039509009294,
   "corr_goals": 0.01094822264010976
  },
  "6": {
   "n": 117,
   "corr_fav": -0.09792166658163388,
   "corr_goals": -0.2151342348304591
  }
 },
 "InstantLeague-8042": {
  "1": {
   "n": 112,
   "corr_fav": 0.18670315463088186,
   "corr_goals": 0.0003453837513102736
  },
  "2": {
   "n": 118,
   "corr_fav": 0.13890938476653025,
   "corr_goals": -0.006142163403275242
  },
  "3": {
   "n": 116,
   "corr_fav": 0.030540222099027223,
   "corr_goals": -0.15729566506979892
  },
  "4": {
   "n": 114,
   "corr_fav": 0.0013200049817423086,
   "corr_goals": -0.021717842568866247
  },
  "5": {
   "n": 112,
   "corr_fav": 0.11401227551611706,
   "corr_goals": -0.0007798600540457128
  },
  "6": {
   "n": 111,
   "corr_fav": 0.12877331701475225,
   "corr_goals": 0.015804183164868892
  }
 },
 "InstantLeague-8043": {
  "1": {
   "n": 113,
   "corr_fav": -0.17603943863610022,
   "corr_goals": -0.03692980429077822
  },
  "2": {
   "n": 120,
   "corr_fav": -0.060307273849022756,
   "corr_goals": -0.03162421002518597
  },
  "3": {
   "n": 117,
   "corr_fav": 0.06725538675823572,
   "corr_goals": 0.0327531490474537
  },
  "4": {
   "n": 113,
   "corr_fav": -0.08751259721064095,
   "corr_goals": -0.02946269493250419
  },
  "5": {
   "n": 113,
   "corr_fav": -0.08796514842620032,
   "corr_goals": 0.082882477686477
  },
  "6": {
   "n": 111,
   "corr_fav": -0.07139677486907156,
   "corr_goals": -0.012108554730719163
  }
 },
 "InstantLeague-8037": {
  "1": {
   "n": 121,
   "corr_fav": -0.10264206666549557,
   "corr_goals": 0.014779931094582921
  },
  "2": {
   "n": 118,
   "corr_fav": 0.09868906281290599,
   "corr_goals": -0.10261907286814216
  },
  "3": {
   "n": 125,
   "corr_fav": -0.0034437063331197067,
   "corr_goals": 0.04703686141406299
  },
  "4": {
   "n": 123,
   "corr_fav": -0.11599046804953948,
   "corr_goals": -0.09875868739640453
  },
  "5": {
   "n": 121,
   "corr_fav": -0.0032850495225645476,
   "corr_goals": 0.08296445930259617
  },
  "6": {
   "n": 120,
   "corr_fav": 0.040304859258608064,
   "corr_goals": 0.027902278953039747
  }
 },
 "InstantLeague-8044": {
  "1": {
   "n": 110,
   "corr_fav": 0.1481139030395752,
   "corr_goals": 0.04630538074496651
  },
  "2": {
   "n": 116,
   "corr_fav": -0.050350469126903455,
   "corr_goals": 0.0121639511016148
  },
  "3": {
   "n": 113,
   "corr_fav": 0.05463740608773245,
   "corr_goals": -0.10352648626780293
  },
  "4": {
   "n": 110,
   "corr_fav": 0.01403430871817527,
   "corr_goals": -0.09039467296093
  },
  "5": {
   "n": 111,
   "corr_fav": -0.019905297344091178,
   "corr_goals": 0.02155616332452463
  },
  "6": {
   "n": 109,
   "corr_fav": 0.014568902646619128,
   "corr_goals": -0.1337914355698896
  }
 },
 "InstantLeague-8060": {
  "1": {
   "n": 124,
   "corr_fav": 0.10008902790127581,
   "corr_goals": -0.05474745419298915
  },
  "2": {
   "n": 125,
   "corr_fav": 0.0828928684896976,
   "corr_goals": -0.02809363989012179
  },
  "3": {
   "n": 126,
   "corr_fav": -0.11240122410223177,
   "corr_goals": 0.03711856452558879
  },
  "4": {
   "n": 124,
   "corr_fav": -0.02840312824289226,
   "corr_goals": -0.05118298983255982
  },
  "5": {
   "n": 122,
   "corr_fav": 0.043827406098780025,
   "corr_goals": 0.03724952764757727
  },
  "6": {
   "n": 126,
   "corr_fav": -0.0488112232116061,
   "corr_goals": 0.015358012764924815
  }
 },
 "8036_split_H1": {
  "n": 59,
  "corr": 0.24362009771618265,
  "p": 0.0591881623675265
 },
 "8036_split_H2": {
  "n": 60,
  "corr": 0.2932482083030416,
  "p": 0.022795440911817635
 }
}