{
  "n": 2720,
  "v5_top1": 0.12058823529411765,
  "v2_top1_leaky": 0.24889705882352942,
  "v5_top3": 0.2977941176470588,
  "v2_top3_leaky": 0.4764705882352941,
  "delta_top1_pp": 12.830882352941176,
  "delta_top3_pp": 17.86764705882353,
  "n_annonce_ge30": 20,
  "hit_annonce_ge30": 0.8,
  "annonce_moy_ge30": 0.3246675840759572
}